#0 building with "desktop-linux" instance using docker driver

#1 [internal] load build definition from Dockerfile
#1 transferring dockerfile: 1.19kB done
#1 DONE 0.0s

#2 [auth] library/php:pull token for registry-1.docker.io
#2 DONE 0.0s

#3 [auth] library/composer:pull token for registry-1.docker.io
#3 DONE 0.0s

#4 [internal] load metadata for docker.io/library/php:8.3-fpm-alpine
#4 DONE 1.6s

#5 [internal] load metadata for docker.io/library/composer:latest
#5 DONE 6.3s

#6 [internal] load .dockerignore
#6 transferring context: 186B done
#6 DONE 0.0s

#7 [stage-0  1/12] FROM docker.io/library/php:8.3-fpm-alpine@sha256:1b440e9804209491713035c4859d434f55e5cf8b0fb8c88a58f2f73d8e18b420
#7 CACHED

#8 FROM docker.io/library/composer:latest@sha256:1b73755de4f19775ba6087fd5313664493e06fab72b6fc27dc2044e87bb7c4c3
#8 resolve docker.io/library/composer:latest@sha256:1b73755de4f19775ba6087fd5313664493e06fab72b6fc27dc2044e87bb7c4c3 done
#8 sha256:1b73755de4f19775ba6087fd5313664493e06fab72b6fc27dc2044e87bb7c4c3 10.10kB / 10.10kB done
#8 sha256:0e19e0156c658a50f56baef5e593490b5422a02e961c8c72379e3ecfec4bbe8f 0B / 217B 0.1s
#8 sha256:975b1647d1c4d3026d6a590c8051be3ec92410600c2507505796e84f7a816c59 11.97kB / 11.97kB done
#8 sha256:9fccd1681e76186ece96de411a47fcf0a2ea8b3a42bea388612e2ad17682df83 0B / 3.60MB 0.1s
#8 sha256:cd028075b21cae14de13e679461f734411bf97cdc5dee60c049ff67369491638 3.61kB / 3.61kB done
#8 sha256:6b123c2ad03bae81cac30c7ce6c83449c58af169a38e2769582cf57b4bd5fec2 0B / 934B 0.1s
#8 sha256:9fccd1681e76186ece96de411a47fcf0a2ea8b3a42bea388612e2ad17682df83 1.05MB / 3.60MB 0.4s
#8 sha256:0e19e0156c658a50f56baef5e593490b5422a02e961c8c72379e3ecfec4bbe8f 217B / 217B 0.7s done
#8 sha256:9fccd1681e76186ece96de411a47fcf0a2ea8b3a42bea388612e2ad17682df83 3.60MB / 3.60MB 0.6s done
#8 extracting sha256:9fccd1681e76186ece96de411a47fcf0a2ea8b3a42bea388612e2ad17682df83
#8 sha256:882cd6a9aa6b8d82c2bd2475162ef7321121ed51bd6227365f4118b9ee016d51 0B / 14.42MB 0.7s
#8 extracting sha256:9fccd1681e76186ece96de411a47fcf0a2ea8b3a42bea388612e2ad17682df83 0.1s done
#8 sha256:50dd7533a619b5ba3534670946cde6191553e5eeba6399d44b5d1b0902176a5a 0B / 485B 0.8s
#8 ...

#9 [internal] load build context
#9 transferring context: 88.46MB 1.0s done
#9 DONE 1.0s

#8 FROM docker.io/library/composer:latest@sha256:1b73755de4f19775ba6087fd5313664493e06fab72b6fc27dc2044e87bb7c4c3
#8 sha256:882cd6a9aa6b8d82c2bd2475162ef7321121ed51bd6227365f4118b9ee016d51 1.05MB / 14.42MB 1.1s
#8 sha256:50dd7533a619b5ba3534670946cde6191553e5eeba6399d44b5d1b0902176a5a 485B / 485B 1.0s done
#8 sha256:c2e4c9ba7c6c87f5254867ebaa82b91c46bfb66fc18f43dee2582724cc72d33c 0B / 21.91MB 1.1s
#8 sha256:882cd6a9aa6b8d82c2bd2475162ef7321121ed51bd6227365f4118b9ee016d51 2.10MB / 14.42MB 1.3s
#8 sha256:6b123c2ad03bae81cac30c7ce6c83449c58af169a38e2769582cf57b4bd5fec2 934B / 934B 1.3s done
#8 sha256:882cd6a9aa6b8d82c2bd2475162ef7321121ed51bd6227365f4118b9ee016d51 3.15MB / 14.42MB 1.5s
#8 extracting sha256:6b123c2ad03bae81cac30c7ce6c83449c58af169a38e2769582cf57b4bd5fec2 done
#8 extracting sha256:0e19e0156c658a50f56baef5e593490b5422a02e961c8c72379e3ecfec4bbe8f done
#8 sha256:0b2023c08468a22348b2f976f9c71b54d7afc2b0d8f0c5abba36494ff090f157 0B / 2.45kB 1.5s
#8 sha256:882cd6a9aa6b8d82c2bd2475162ef7321121ed51bd6227365f4118b9ee016d51 4.19MB / 14.42MB 1.6s
#8 sha256:882cd6a9aa6b8d82c2bd2475162ef7321121ed51bd6227365f4118b9ee016d51 5.24MB / 14.42MB 1.7s
#8 sha256:0b2023c08468a22348b2f976f9c71b54d7afc2b0d8f0c5abba36494ff090f157 2.45kB / 2.45kB 1.6s done
#8 sha256:ea47019ff974219dca03451a8728ab2d8389f57d08ae0db784f0a0b68f3d5739 0B / 23.21kB 1.7s
#8 sha256:882cd6a9aa6b8d82c2bd2475162ef7321121ed51bd6227365f4118b9ee016d51 6.29MB / 14.42MB 1.8s
#8 sha256:882cd6a9aa6b8d82c2bd2475162ef7321121ed51bd6227365f4118b9ee016d51 8.39MB / 14.42MB 2.0s
#8 sha256:ea47019ff974219dca03451a8728ab2d8389f57d08ae0db784f0a0b68f3d5739 23.21kB / 23.21kB 1.9s done
#8 sha256:bb457ea6fb4169cb210f4b37fd1bf5a33002740ee31a4d6a64379be0ab5fd48b 0B / 32.97MB 2.0s
#8 sha256:882cd6a9aa6b8d82c2bd2475162ef7321121ed51bd6227365f4118b9ee016d51 9.44MB / 14.42MB 2.1s
#8 sha256:882cd6a9aa6b8d82c2bd2475162ef7321121ed51bd6227365f4118b9ee016d51 11.53MB / 14.42MB 2.5s
#8 sha256:882cd6a9aa6b8d82c2bd2475162ef7321121ed51bd6227365f4118b9ee016d51 12.58MB / 14.42MB 2.7s
#8 sha256:882cd6a9aa6b8d82c2bd2475162ef7321121ed51bd6227365f4118b9ee016d51 13.63MB / 14.42MB 2.8s
#8 extracting sha256:882cd6a9aa6b8d82c2bd2475162ef7321121ed51bd6227365f4118b9ee016d51
#8 sha256:882cd6a9aa6b8d82c2bd2475162ef7321121ed51bd6227365f4118b9ee016d51 14.42MB / 14.42MB 2.9s done
#8 extracting sha256:882cd6a9aa6b8d82c2bd2475162ef7321121ed51bd6227365f4118b9ee016d51 0.1s done
#8 sha256:15a4e859ba45b52a485402faff95138d8c8a4ab38cd1fa78c78fdc6435d51632 0B / 259B 3.0s
#8 extracting sha256:50dd7533a619b5ba3534670946cde6191553e5eeba6399d44b5d1b0902176a5a done
#8 sha256:bb457ea6fb4169cb210f4b37fd1bf5a33002740ee31a4d6a64379be0ab5fd48b 2.10MB / 32.97MB 3.2s
#8 sha256:15a4e859ba45b52a485402faff95138d8c8a4ab38cd1fa78c78fdc6435d51632 259B / 259B 3.1s done
#8 sha256:97f137a80ec32b88d02e10c0a2aa145a0ad4c6b9993317a7bfc16ca7ea9bc3e2 0B / 1.59MB 3.2s
#8 sha256:97f137a80ec32b88d02e10c0a2aa145a0ad4c6b9993317a7bfc16ca7ea9bc3e2 1.59MB / 1.59MB 3.6s done
#8 sha256:c3f933d55ed8f6fb0382317b131405c4e5797131b2f1ebc77b7670e7884085bf 0B / 419B 3.7s
#8 sha256:c2e4c9ba7c6c87f5254867ebaa82b91c46bfb66fc18f43dee2582724cc72d33c 2.10MB / 21.91MB 3.9s
#8 sha256:c3f933d55ed8f6fb0382317b131405c4e5797131b2f1ebc77b7670e7884085bf 419B / 419B 3.9s done
#8 sha256:6058b83b027b074b517652fbe85f39275d940abf98d60e0d1d117aeb22d16771 0B / 93B 3.9s
#8 sha256:bb457ea6fb4169cb210f4b37fd1bf5a33002740ee31a4d6a64379be0ab5fd48b 4.19MB / 32.97MB 4.0s
#8 sha256:6058b83b027b074b517652fbe85f39275d940abf98d60e0d1d117aeb22d16771 93B / 93B 4.1s done
#8 sha256:bb457ea6fb4169cb210f4b37fd1bf5a33002740ee31a4d6a64379be0ab5fd48b 6.29MB / 32.97MB 4.7s
#8 sha256:c2e4c9ba7c6c87f5254867ebaa82b91c46bfb66fc18f43dee2582724cc72d33c 4.19MB / 21.91MB 4.8s
#8 sha256:bb457ea6fb4169cb210f4b37fd1bf5a33002740ee31a4d6a64379be0ab5fd48b 8.39MB / 32.97MB 5.1s
#8 sha256:bb457ea6fb4169cb210f4b37fd1bf5a33002740ee31a4d6a64379be0ab5fd48b 10.49MB / 32.97MB 5.6s
#8 sha256:c2e4c9ba7c6c87f5254867ebaa82b91c46bfb66fc18f43dee2582724cc72d33c 6.29MB / 21.91MB 5.8s
#8 sha256:bb457ea6fb4169cb210f4b37fd1bf5a33002740ee31a4d6a64379be0ab5fd48b 12.58MB / 32.97MB 5.9s
#8 sha256:bb457ea6fb4169cb210f4b37fd1bf5a33002740ee31a4d6a64379be0ab5fd48b 14.68MB / 32.97MB 6.2s
#8 sha256:c2e4c9ba7c6c87f5254867ebaa82b91c46bfb66fc18f43dee2582724cc72d33c 8.39MB / 21.91MB 6.5s
#8 sha256:bb457ea6fb4169cb210f4b37fd1bf5a33002740ee31a4d6a64379be0ab5fd48b 16.78MB / 32.97MB 6.5s
#8 sha256:bb457ea6fb4169cb210f4b37fd1bf5a33002740ee31a4d6a64379be0ab5fd48b 19.92MB / 32.97MB 6.9s
#8 sha256:c2e4c9ba7c6c87f5254867ebaa82b91c46bfb66fc18f43dee2582724cc72d33c 10.49MB / 21.91MB 7.2s
#8 sha256:bb457ea6fb4169cb210f4b37fd1bf5a33002740ee31a4d6a64379be0ab5fd48b 22.02MB / 32.97MB 7.2s
#8 sha256:bb457ea6fb4169cb210f4b37fd1bf5a33002740ee31a4d6a64379be0ab5fd48b 24.12MB / 32.97MB 7.6s
#8 sha256:bb457ea6fb4169cb210f4b37fd1bf5a33002740ee31a4d6a64379be0ab5fd48b 27.26MB / 32.97MB 7.9s
#8 sha256:c2e4c9ba7c6c87f5254867ebaa82b91c46bfb66fc18f43dee2582724cc72d33c 12.58MB / 21.91MB 8.1s
#8 sha256:bb457ea6fb4169cb210f4b37fd1bf5a33002740ee31a4d6a64379be0ab5fd48b 29.36MB / 32.97MB 8.2s
#8 sha256:bb457ea6fb4169cb210f4b37fd1bf5a33002740ee31a4d6a64379be0ab5fd48b 32.51MB / 32.97MB 8.6s
#8 sha256:c2e4c9ba7c6c87f5254867ebaa82b91c46bfb66fc18f43dee2582724cc72d33c 14.68MB / 21.91MB 8.8s
#8 sha256:bb457ea6fb4169cb210f4b37fd1bf5a33002740ee31a4d6a64379be0ab5fd48b 32.97MB / 32.97MB 8.7s done
#8 sha256:c2e4c9ba7c6c87f5254867ebaa82b91c46bfb66fc18f43dee2582724cc72d33c 17.83MB / 21.91MB 9.2s
#8 sha256:c2e4c9ba7c6c87f5254867ebaa82b91c46bfb66fc18f43dee2582724cc72d33c 19.92MB / 21.91MB 9.4s
#8 sha256:c2e4c9ba7c6c87f5254867ebaa82b91c46bfb66fc18f43dee2582724cc72d33c 21.91MB / 21.91MB 9.6s done
#8 extracting sha256:c2e4c9ba7c6c87f5254867ebaa82b91c46bfb66fc18f43dee2582724cc72d33c 0.1s
#8 extracting sha256:c2e4c9ba7c6c87f5254867ebaa82b91c46bfb66fc18f43dee2582724cc72d33c 0.4s done
#8 extracting sha256:0b2023c08468a22348b2f976f9c71b54d7afc2b0d8f0c5abba36494ff090f157
#8 ...

#10 [stage-0  2/12] RUN apk add --no-cache     nginx supervisor curl libpng-dev libjpeg-turbo-dev freetype-dev     zip unzip git nodejs npm mysql-client oniguruma-dev libxml2-dev     netcat-openbsd php83-fpm
#10 ...

#8 FROM docker.io/library/composer:latest@sha256:1b73755de4f19775ba6087fd5313664493e06fab72b6fc27dc2044e87bb7c4c3
#8 extracting sha256:0b2023c08468a22348b2f976f9c71b54d7afc2b0d8f0c5abba36494ff090f157 done
#8 extracting sha256:ea47019ff974219dca03451a8728ab2d8389f57d08ae0db784f0a0b68f3d5739 done
#8 extracting sha256:bb457ea6fb4169cb210f4b37fd1bf5a33002740ee31a4d6a64379be0ab5fd48b 0.1s
#8 extracting sha256:bb457ea6fb4169cb210f4b37fd1bf5a33002740ee31a4d6a64379be0ab5fd48b 0.7s done
#8 extracting sha256:15a4e859ba45b52a485402faff95138d8c8a4ab38cd1fa78c78fdc6435d51632 done
#8 extracting sha256:97f137a80ec32b88d02e10c0a2aa145a0ad4c6b9993317a7bfc16ca7ea9bc3e2 0.0s done
#8 extracting sha256:c3f933d55ed8f6fb0382317b131405c4e5797131b2f1ebc77b7670e7884085bf done
#8 extracting sha256:6058b83b027b074b517652fbe85f39275d940abf98d60e0d1d117aeb22d16771 done
#8 DONE 10.8s

#10 [stage-0  2/12] RUN apk add --no-cache     nginx supervisor curl libpng-dev libjpeg-turbo-dev freetype-dev     zip unzip git nodejs npm mysql-client oniguruma-dev libxml2-dev     netcat-openbsd php83-fpm
#10 18.81 ( 1/58) Installing libbz2 (1.0.8-r6)
#10 19.13 ( 2/58) Installing libpng (1.6.58-r1)
#10 19.43 ( 3/58) Installing freetype (2.14.1-r0)
#10 20.05 ( 4/58) Installing pkgconf (2.5.1-r0)
#10 20.34 ( 5/58) Installing bzip2-dev (1.0.8-r6)
#10 20.57 ( 6/58) Installing brotli (1.2.0-r0)
#10 20.82 ( 7/58) Installing brotli-dev (1.2.0-r0)
#10 21.06 ( 8/58) Installing zlib-dev (1.3.2-r0)
#10 21.33 ( 9/58) Installing libpng-dev (1.6.58-r1)
#10 21.62 (10/58) Installing freetype-dev (2.14.1-r0)
#10 22.04 (11/58) Installing libexpat (2.7.5-r0)
#10 22.33 (12/58) Installing pcre2 (10.47-r0)
#10 22.90 (13/58) Installing git (2.52.0-r0)
#10 26.20 (14/58) Installing git-init-template (2.52.0-r0)
#10 26.44 (15/58) Installing libjpeg-turbo (3.1.2-r0)
#10 26.82 (16/58) Installing libturbojpeg (3.1.2-r0)
#10 27.24 (17/58) Installing libjpeg-turbo-dev (3.1.2-r0)
#10 27.51 (18/58) Installing xz-dev (5.8.3-r0)
#10 27.78 (19/58) Installing libxml2-utils (2.13.9-r0)
#10 28.04 (20/58) Installing libxml2-dev (2.13.9-r0)
#10 28.34 (21/58) Installing mariadb-common (11.4.11-r0)
#10 29.09 (22/58) Installing libgcc (15.2.0-r2)
#10 29.38 (23/58) Installing libstdc++ (15.2.0-r2)
#10 30.35 (24/58) Installing mariadb-client (11.4.11-r0)
#10 37.92 (25/58) Installing mysql-client (11.4.11-r0)
#10 37.92 (26/58) Installing libmd (1.1.0-r0)
#10 38.17 (27/58) Installing libbsd (0.12.2-r0)
#10 38.48 (28/58) Installing netcat-openbsd (1.234.1-r0)
#10 38.75 (29/58) Installing nginx (1.28.3-r2)
#10 39.38   Executing nginx-1.28.3-r2.pre-install
#10 39.68   Executing nginx-1.28.3-r2.post-install
#10 39.69 (30/58) Installing ada-libs (3.3.0-r0)
#10 40.29 (31/58) Installing icu-data-en (76.1-r1)
#10 42.02   Executing icu-data-en-76.1-r1.post-install
#10 42.03   * 
#10 42.03   * If you need ICU with non-English locales and legacy charset support, install
#10 42.03   * package icu-data-full.
#10 42.03   * 
#10 42.03 (32/58) Installing icu-libs (76.1-r1)
#10 44.91 (33/58) Installing simdjson (3.12.0-r0)
#10 45.25 (34/58) Installing simdutf (7.5.0-r1)
#10 45.67 (35/58) Installing nodejs (24.14.1-r0)
#10 66.19 (36/58) Installing npm (11.11.0-r0)
#10 67.18 (37/58) Installing oniguruma-dev (6.9.10-r0)
#10 67.47 (38/58) Installing php83-common (8.3.31-r0)
#10 67.77 (39/58) Installing libedit (20251016.3.1-r0)
#10 68.04 (40/58) Installing php83-fpm (8.3.31-r0)
#10 68.85 (41/58) Installing libffi (3.5.2-r0)
#10 69.20 (42/58) Installing gdbm (1.26-r0)
#10 69.44 (43/58) Installing mpdecimal (4.0.1-r0)
#10 69.70 (44/58) Installing libpanelw (6.5_p20251123-r0)
#10 69.94 (45/58) Installing python3 (3.12.13-r0)
#10 74.06 (46/58) Installing python3-pycache-pyc0 (3.12.13-r0)
#10 76.30 (47/58) Installing pyc (3.12.13-r0)
#10 76.30 (48/58) Installing supervisor-pyc (4.3.0-r0)
#10 76.80 (49/58) Installing python3-pyc (3.12.13-r0)
#10 76.80 (50/58) Installing py3-parsing (3.2.5-r0)
#10 77.09 (51/58) Installing py3-parsing-pyc (3.2.5-r0)
#10 77.40 (52/58) Installing py3-packaging (25.0-r0)
#10 77.70 (53/58) Installing py3-packaging-pyc (25.0-r0)
#10 79.57 (54/58) Installing py3-setuptools (80.9.0-r2)
#10 80.49 (55/58) Installing py3-setuptools-pyc (80.9.0-r2)
#10 81.77 (56/58) Installing supervisor (4.3.0-r0)
#10 82.59 (57/58) Installing unzip (6.0-r16)
#10 84.86 (58/58) Installing zip (3.0-r13)
#10 85.27 Executing busybox-1.37.0-r30.trigger
#10 85.29 OK: 196.2 MiB in 99 packages
#10 DONE 85.5s

#11 [stage-0  3/12] RUN docker-php-ext-configure gd --with-freetype --with-jpeg
#11 12.56 ( 1/26) Installing m4 (1.4.20-r0)
#11 12.70 ( 2/26) Installing perl (5.42.2-r0)
#11 17.04 ( 3/26) Installing autoconf (2.72-r1)
#11 17.33 ( 4/26) Installing dpkg-dev (1.22.21-r0)
#11 17.55 ( 5/26) Installing dpkg (1.22.21-r0)
#11 17.79 ( 6/26) Installing libmagic (5.46-r2)
#11 18.03 ( 7/26) Installing file (5.46-r2)
#11 18.10 ( 8/26) Installing libstdc++-dev (15.2.0-r2)
#11 19.65 ( 9/26) Installing jansson (2.14.1-r0)
#11 19.73 (10/26) Installing binutils (2.45.1-r0)
#11 21.17 (11/26) Installing libgomp (15.2.0-r2)
#11 21.28 (12/26) Installing libatomic (15.2.0-r2)
#11 21.35 (13/26) Installing gmp (6.3.0-r4)
#11 21.49 (14/26) Installing isl26 (0.26-r1)
#11 21.87 (15/26) Installing mpfr4 (4.2.2-r0)
#11 22.04 (16/26) Installing mpc1 (1.3.1-r1)
#11 22.12 (17/26) Installing gcc (15.2.0-r2)
#11 38.59 (18/26) Installing musl-dev (1.2.5-r23)
#11 39.23 (19/26) Installing g++ (15.2.0-r2)
#11 42.88 (20/26) Installing make (4.4.1-r3)
#11 42.97 (21/26) Installing re2c (4.3.1-r0)
#11 43.60 (22/26) Installing .phpize-deps-configure (20260529.075552)
#11 43.60 (23/26) Installing perl-error (0.17030-r0)
#11 43.67 (24/26) Installing perl-git (2.52.0-r0)
#11 43.75 (25/26) Installing git-perl (2.52.0-r0)
#11 43.82 (26/26) Installing mariadb-client-perl (11.4.11-r0)
#11 43.90 Executing busybox-1.37.0-r30.trigger
#11 43.94 OK: 484.3 MiB in 125 packages
#11 43.99 Configuring for:
#11 43.99 PHP Api Version:         20230831
#11 43.99 Zend Module Api No:      20230831
#11 43.99 Zend Extension Api No:   420230831
#11 44.37 checking for grep that handles long lines and -e... /bin/grep
#11 44.38 checking for egrep... /bin/grep -E
#11 44.38 checking for a sed that does not truncate output... /bin/sed
#11 44.39 checking for pkg-config... /usr/bin/pkg-config
#11 44.39 checking pkg-config is at least version 0.9.0... yes
#11 44.39 checking for cc... cc
#11 44.40 checking whether the C compiler works... yes
#11 44.43 checking for C compiler default output file name... a.out
#11 44.44 checking for suffix of executables... 
#11 44.45 checking whether we are cross compiling... no
#11 44.47 checking for suffix of object files... o
#11 44.48 checking whether the compiler supports GNU C... yes
#11 44.49 checking whether cc accepts -g... yes
#11 44.50 checking for cc option to enable C11 features... none needed
#11 44.53 checking how to run the C preprocessor... cc -E
#11 44.56 checking for egrep -e... (cached) /bin/grep -E
#11 44.56 checking for icc... no
#11 44.56 checking for suncc... no
#11 44.57 checking for system library directory... lib
#11 44.57 checking if compiler supports -Wl,-rpath,... yes
#11 44.58 checking build system type... aarch64-unknown-linux-musl
#11 44.59 checking host system type... aarch64-unknown-linux-musl
#11 44.59 checking target system type... aarch64-unknown-linux-musl
#11 44.61 checking for PHP prefix... /usr/local
#11 44.61 checking for PHP includes... -I/usr/local/include/php -I/usr/local/include/php/main -I/usr/local/include/php/TSRM -I/usr/local/include/php/Zend -I/usr/local/include/php/ext -I/usr/local/include/php/ext/date/lib
#11 44.61 checking for PHP extension directory... /usr/local/lib/php/extensions/no-debug-non-zts-20230831
#11 44.61 checking for PHP installed headers prefix... /usr/local/include/php
#11 44.61 checking if debug is enabled... no
#11 44.62 checking if zts is enabled... no
#11 44.63 checking for gawk... no
#11 44.63 checking for nawk... no
#11 44.63 checking for awk... awk
#11 44.63 checking if awk is broken... no
#11 44.63 checking for GD support... yes, shared
#11 44.63 checking for external libgd... no
#11 44.63 checking for libavif... no
#11 44.63 checking for libwebp... no
#11 44.63 checking for libjpeg... yes
#11 44.63 checking for libXpm... no
#11 44.63 checking for FreeType 2... yes
#11 44.63 checking whether to enable JIS-mapped Japanese font support in GD... no
#11 44.63 checking for fabsf... yes
#11 44.65 checking for floorf... yes
#11 44.66 checking for zlib... yes
#11 44.67 checking for libpng... yes
#11 44.67 checking for libjpeg... yes
#11 44.67 checking for freetype2... yes
#11 44.71 checking for a sed that does not truncate output... /bin/sed
#11 44.71 checking for ld used by cc... /usr/aarch64-alpine-linux-musl/bin/ld
#11 44.71 checking if the linker (/usr/aarch64-alpine-linux-musl/bin/ld) is GNU ld... yes
#11 44.71 checking for /usr/aarch64-alpine-linux-musl/bin/ld option to reload object files... -r
#11 44.71 checking for BSD-compatible nm... /usr/bin/nm -B
#11 44.72 checking whether ln -s works... yes
#11 44.72 checking how to recognize dependent libraries... pass_all
#11 44.72 checking for stdio.h... yes
#11 44.73 checking for stdlib.h... yes
#11 44.74 checking for string.h... yes
#11 44.75 checking for inttypes.h... yes
#11 44.75 checking for stdint.h... yes
#11 44.76 checking for strings.h... yes
#11 44.77 checking for sys/stat.h... yes
#11 44.78 checking for sys/types.h... yes
#11 44.79 checking for unistd.h... yes
#11 44.80 checking for dlfcn.h... yes
#11 44.81 checking the maximum length of command line arguments... 98304
#11 44.81 checking command to parse /usr/bin/nm -B output from cc object... ok
#11 44.84 checking for objdir... .libs
#11 44.84 checking for ar... ar
#11 44.84 checking for ranlib... ranlib
#11 44.84 checking for strip... strip
#11 44.86 checking if cc supports -fno-rtti -fno-exceptions... no
#11 44.87 checking for cc option to produce PIC... -fPIC
#11 44.87 checking if cc PIC flag -fPIC works... yes
#11 44.88 checking if cc static flag -static works... yes
#11 44.90 checking if cc supports -c -o file.o... yes
#11 44.91 checking whether the cc linker (/usr/aarch64-alpine-linux-musl/bin/ld) supports shared libraries... yes
#11 44.91 checking whether -lc should be explicitly linked in... no
#11 44.92 checking dynamic linker characteristics... GNU/Linux ld.so
#11 44.93 checking how to hardcode library paths into programs... immediate
#11 44.93 checking whether stripping libraries is possible... yes
#11 44.93 checking if libtool supports shared libraries... yes
#11 44.93 checking whether to build shared libraries... yes
#11 44.93 checking whether to build static libraries... no
#11 44.96 
#11 44.96 creating libtool
#11 44.97 appending configuration tag "CXX" to libtool
#11 45.00 configure: patching config.h.in
#11 45.00 configure: creating ./config.status
#11 45.01 config.status: creating config.h
#11 DONE 45.3s

#12 [stage-0  4/12] RUN docker-php-ext-install -j$(nproc) pdo_mysql mbstring exif pcntl bcmath gd xml opcache
#12 0.154 Configuring for:
#12 0.154 PHP Api Version:         20230831
#12 0.154 Zend Module Api No:      20230831
#12 0.154 Zend Extension Api No:   420230831
#12 0.475 checking for grep that handles long lines and -e... /bin/grep
#12 0.490 checking for egrep... /bin/grep -E
#12 0.490 checking for a sed that does not truncate output... /bin/sed
#12 0.496 checking for pkg-config... /usr/bin/pkg-config
#12 0.496 checking pkg-config is at least version 0.9.0... yes
#12 0.497 checking for cc... cc
#12 0.505 checking whether the C compiler works... yes
#12 0.523 checking for C compiler default output file name... a.out
#12 0.524 checking for suffix of executables... 
#12 0.538 checking whether we are cross compiling... no
#12 0.556 checking for suffix of object files... o
#12 0.567 checking whether the compiler supports GNU C... yes
#12 0.578 checking whether cc accepts -g... yes
#12 0.589 checking for cc option to enable C11 features... none needed
#12 0.619 checking how to run the C preprocessor... cc -E
#12 0.642 checking for egrep -e... (cached) /bin/grep -E
#12 0.642 checking for icc... no
#12 0.648 checking for suncc... no
#12 0.653 checking for system library directory... lib
#12 0.653 checking if compiler supports -Wl,-rpath,... yes
#12 0.669 checking build system type... aarch64-unknown-linux-musl
#12 0.670 checking host system type... aarch64-unknown-linux-musl
#12 0.671 checking target system type... aarch64-unknown-linux-musl
#12 0.691 checking for PHP prefix... /usr/local
#12 0.691 checking for PHP includes... -I/usr/local/include/php -I/usr/local/include/php/main -I/usr/local/include/php/TSRM -I/usr/local/include/php/Zend -I/usr/local/include/php/ext -I/usr/local/include/php/ext/date/lib
#12 0.691 checking for PHP extension directory... /usr/local/lib/php/extensions/no-debug-non-zts-20230831
#12 0.691 checking for PHP installed headers prefix... /usr/local/include/php
#12 0.691 checking if debug is enabled... no
#12 0.698 checking if zts is enabled... no
#12 0.705 checking for gawk... no
#12 0.705 checking for nawk... no
#12 0.705 checking for awk... awk
#12 0.705 checking if awk is broken... no
#12 0.706 checking for MySQL support for PDO... yes, shared
#12 0.706 checking for the location of libz... no
#12 0.706 checking for MySQL UNIX socket location... 
#12 0.706 checking for PDO includes... /usr/local/include/php/ext
#12 0.708 checking for a sed that does not truncate output... /bin/sed
#12 0.709 checking for ld used by cc... /usr/aarch64-alpine-linux-musl/bin/ld
#12 0.714 checking if the linker (/usr/aarch64-alpine-linux-musl/bin/ld) is GNU ld... yes
#12 0.714 checking for /usr/aarch64-alpine-linux-musl/bin/ld option to reload object files... -r
#12 0.714 checking for BSD-compatible nm... /usr/bin/nm -B
#12 0.715 checking whether ln -s works... yes
#12 0.715 checking how to recognize dependent libraries... pass_all
#12 0.716 checking for stdio.h... yes
#12 0.724 checking for stdlib.h... yes
#12 0.733 checking for string.h... yes
#12 0.742 checking for inttypes.h... yes
#12 0.751 checking for stdint.h... yes
#12 0.760 checking for strings.h... yes
#12 0.769 checking for sys/stat.h... yes
#12 0.778 checking for sys/types.h... yes
#12 0.788 checking for unistd.h... yes
#12 0.799 checking for dlfcn.h... yes
#12 0.810 checking the maximum length of command line arguments... 98304
#12 0.811 checking command to parse /usr/bin/nm -B output from cc object... ok
#12 0.838 checking for objdir... .libs
#12 0.839 checking for ar... ar
#12 0.839 checking for ranlib... ranlib
#12 0.839 checking for strip... strip
#12 0.863 checking if cc supports -fno-rtti -fno-exceptions... no
#12 0.872 checking for cc option to produce PIC... -fPIC
#12 0.872 checking if cc PIC flag -fPIC works... yes
#12 0.881 checking if cc static flag -static works... yes
#12 0.894 checking if cc supports -c -o file.o... yes
#12 0.905 checking whether the cc linker (/usr/aarch64-alpine-linux-musl/bin/ld) supports shared libraries... yes
#12 0.911 checking whether -lc should be explicitly linked in... no
#12 0.923 checking dynamic linker characteristics... GNU/Linux ld.so
#12 0.926 checking how to hardcode library paths into programs... immediate
#12 0.926 checking whether stripping libraries is possible... yes
#12 0.927 checking if libtool supports shared libraries... yes
#12 0.927 checking whether to build shared libraries... yes
#12 0.927 checking whether to build static libraries... no
#12 0.956 
#12 0.956 creating libtool
#12 0.967 appending configuration tag "CXX" to libtool
#12 0.992 configure: patching config.h.in
#12 0.992 configure: creating ./config.status
#12 1.005 config.status: creating config.h
#12 1.017 /bin/sh /usr/src/php/ext/pdo_mysql/libtool --tag=CC --mode=compile cc -I. -I/usr/src/php/ext/pdo_mysql -I/usr/src/php/ext/pdo_mysql/include -I/usr/src/php/ext/pdo_mysql/main -I/usr/src/php/ext/pdo_mysql -I/usr/local/include/php -I/usr/local/include/php/main -I/usr/local/include/php/TSRM -I/usr/local/include/php/Zend -I/usr/local/include/php/ext -I/usr/local/include/php/ext/date/lib  -fstack-protector-strong -fpic -fpie -O2 -D_LARGEFILE_SOURCE -D_FILE_OFFSET_BITS=64 -DHAVE_CONFIG_H  -fstack-protector-strong -fpic -fpie -O2 -D_LARGEFILE_SOURCE -D_FILE_OFFSET_BITS=64 -D_GNU_SOURCE   -I/usr/local/include/php/ext -DZEND_ENABLE_STATIC_TSRMLS_CACHE=1 -DZEND_COMPILE_DL_EXT=1 -c /usr/src/php/ext/pdo_mysql/pdo_mysql.c -o pdo_mysql.lo  -MMD -MF pdo_mysql.dep -MT pdo_mysql.lo
#12 1.017 /bin/sh /usr/src/php/ext/pdo_mysql/libtool --tag=CC --mode=compile cc -I. -I/usr/src/php/ext/pdo_mysql -I/usr/src/php/ext/pdo_mysql/include -I/usr/src/php/ext/pdo_mysql/main -I/usr/src/php/ext/pdo_mysql -I/usr/local/include/php -I/usr/local/include/php/main -I/usr/local/include/php/TSRM -I/usr/local/include/php/Zend -I/usr/local/include/php/ext -I/usr/local/include/php/ext/date/lib  -fstack-protector-strong -fpic -fpie -O2 -D_LARGEFILE_SOURCE -D_FILE_OFFSET_BITS=64 -DHAVE_CONFIG_H  -fstack-protector-strong -fpic -fpie -O2 -D_LARGEFILE_SOURCE -D_FILE_OFFSET_BITS=64 -D_GNU_SOURCE   -I/usr/local/include/php/ext -DZEND_ENABLE_STATIC_TSRMLS_CACHE=1 -DZEND_COMPILE_DL_EXT=1 -c /usr/src/php/ext/pdo_mysql/mysql_driver.c -o mysql_driver.lo  -MMD -MF mysql_driver.dep -MT mysql_driver.lo
#12 1.017 /bin/sh /usr/src/php/ext/pdo_mysql/libtool --tag=CC --mode=compile cc -I. -I/usr/src/php/ext/pdo_mysql -I/usr/src/php/ext/pdo_mysql/include -I/usr/src/php/ext/pdo_mysql/main -I/usr/src/php/ext/pdo_mysql -I/usr/local/include/php -I/usr/local/include/php/main -I/usr/local/include/php/TSRM -I/usr/local/include/php/Zend -I/usr/local/include/php/ext -I/usr/local/include/php/ext/date/lib  -fstack-protector-strong -fpic -fpie -O2 -D_LARGEFILE_SOURCE -D_FILE_OFFSET_BITS=64 -DHAVE_CONFIG_H  -fstack-protector-strong -fpic -fpie -O2 -D_LARGEFILE_SOURCE -D_FILE_OFFSET_BITS=64 -D_GNU_SOURCE   -I/usr/local/include/php/ext -DZEND_ENABLE_STATIC_TSRMLS_CACHE=1 -DZEND_COMPILE_DL_EXT=1 -c /usr/src/php/ext/pdo_mysql/mysql_statement.c -o mysql_statement.lo  -MMD -MF mysql_statement.dep -MT mysql_statement.lo
#12 1.041 mkdir .libs
#12 1.041 mkdir .libs
#12 1.042 mkdir: can't create directory '.libs': File exists
#12 1.042  cc -I. -I/usr/src/php/ext/pdo_mysql -I/usr/src/php/ext/pdo_mysql/include -I/usr/src/php/ext/pdo_mysql/main -I/usr/src/php/ext/pdo_mysql -I/usr/local/include/php -I/usr/local/include/php/main -I/usr/local/include/php/TSRM -I/usr/local/include/php/Zend -I/usr/local/include/php/ext -I/usr/local/include/php/ext/date/lib -fstack-protector-strong -fpic -fpie -O2 -D_LARGEFILE_SOURCE -D_FILE_OFFSET_BITS=64 -DHAVE_CONFIG_H -fstack-protector-strong -fpic -fpie -O2 -D_LARGEFILE_SOURCE -D_FILE_OFFSET_BITS=64 -D_GNU_SOURCE -I/usr/local/include/php/ext -DZEND_ENABLE_STATIC_TSRMLS_CACHE=1 -DZEND_COMPILE_DL_EXT=1 -c /usr/src/php/ext/pdo_mysql/mysql_statement.c -MMD -MF mysql_statement.dep -MT mysql_statement.lo  -fPIC -DPIC -o .libs/mysql_statement.o
#12 1.042  cc -I. -I/usr/src/php/ext/pdo_mysql -I/usr/src/php/ext/pdo_mysql/include -I/usr/src/php/ext/pdo_mysql/main -I/usr/src/php/ext/pdo_mysql -I/usr/local/include/php -I/usr/local/include/php/main -I/usr/local/include/php/TSRM -I/usr/local/include/php/Zend -I/usr/local/include/php/ext -I/usr/local/include/php/ext/date/lib -fstack-protector-strong -fpic -fpie -O2 -D_LARGEFILE_SOURCE -D_FILE_OFFSET_BITS=64 -DHAVE_CONFIG_H -fstack-protector-strong -fpic -fpie -O2 -D_LARGEFILE_SOURCE -D_FILE_OFFSET_BITS=64 -D_GNU_SOURCE -I/usr/local/include/php/ext -DZEND_ENABLE_STATIC_TSRMLS_CACHE=1 -DZEND_COMPILE_DL_EXT=1 -c /usr/src/php/ext/pdo_mysql/pdo_mysql.c -MMD -MF pdo_mysql.dep -MT pdo_mysql.lo  -fPIC -DPIC -o .libs/pdo_mysql.o
#12 1.042  cc -I. -I/usr/src/php/ext/pdo_mysql -I/usr/src/php/ext/pdo_mysql/include -I/usr/src/php/ext/pdo_mysql/main -I/usr/src/php/ext/pdo_mysql -I/usr/local/include/php -I/usr/local/include/php/main -I/usr/local/include/php/TSRM -I/usr/local/include/php/Zend -I/usr/local/include/php/ext -I/usr/local/include/php/ext/date/lib -fstack-protector-strong -fpic -fpie -O2 -D_LARGEFILE_SOURCE -D_FILE_OFFSET_BITS=64 -DHAVE_CONFIG_H -fstack-protector-strong -fpic -fpie -O2 -D_LARGEFILE_SOURCE -D_FILE_OFFSET_BITS=64 -D_GNU_SOURCE -I/usr/local/include/php/ext -DZEND_ENABLE_STATIC_TSRMLS_CACHE=1 -DZEND_COMPILE_DL_EXT=1 -c /usr/src/php/ext/pdo_mysql/mysql_driver.c -MMD -MF mysql_driver.dep -MT mysql_driver.lo  -fPIC -DPIC -o .libs/mysql_driver.o
#12 1.449 /bin/sh /usr/src/php/ext/pdo_mysql/libtool --tag=CC --mode=link cc -shared -I/usr/src/php/ext/pdo_mysql/include -I/usr/src/php/ext/pdo_mysql/main -I/usr/src/php/ext/pdo_mysql -I/usr/local/include/php -I/usr/local/include/php/main -I/usr/local/include/php/TSRM -I/usr/local/include/php/Zend -I/usr/local/include/php/ext -I/usr/local/include/php/ext/date/lib  -fstack-protector-strong -fpic -fpie -O2 -D_LARGEFILE_SOURCE -D_FILE_OFFSET_BITS=64 -DHAVE_CONFIG_H  -fstack-protector-strong -fpic -fpie -O2 -D_LARGEFILE_SOURCE -D_FILE_OFFSET_BITS=64 -D_GNU_SOURCE  -Wl,-O1 -pie  -o pdo_mysql.la -export-dynamic -avoid-version -prefer-pic -module -rpath /usr/src/php/ext/pdo_mysql/modules  pdo_mysql.lo mysql_driver.lo mysql_statement.lo 
#12 1.473 cc -shared  .libs/pdo_mysql.o .libs/mysql_driver.o .libs/mysql_statement.o   -Wl,-O1 -Wl,-soname -Wl,pdo_mysql.so -o .libs/pdo_mysql.so
#12 1.479 creating pdo_mysql.la
#12 1.481 (cd .libs && rm -f pdo_mysql.la && ln -s ../pdo_mysql.la pdo_mysql.la)
#12 1.482 /bin/sh /usr/src/php/ext/pdo_mysql/libtool --tag=CC --mode=install cp ./pdo_mysql.la /usr/src/php/ext/pdo_mysql/modules
#12 1.490 cp ./.libs/pdo_mysql.so /usr/src/php/ext/pdo_mysql/modules/pdo_mysql.so
#12 1.491 cp ./.libs/pdo_mysql.lai /usr/src/php/ext/pdo_mysql/modules/pdo_mysql.la
#12 1.497 PATH="$PATH:/sbin" ldconfig -n /usr/src/php/ext/pdo_mysql/modules
#12 1.498 ----------------------------------------------------------------------
#12 1.498 Libraries have been installed in:
#12 1.498    /usr/src/php/ext/pdo_mysql/modules
#12 1.498 
#12 1.498 If you ever happen to want to link against installed libraries
#12 1.498 in a given directory, LIBDIR, you must either use libtool, and
#12 1.498 specify the full pathname of the library, or use the `-LLIBDIR'
#12 1.498 flag during linking and do at least one of the following:
#12 1.498    - add LIBDIR to the `LD_LIBRARY_PATH' environment variable
#12 1.498      during execution
#12 1.498    - add LIBDIR to the `LD_RUN_PATH' environment variable
#12 1.498      during linking
#12 1.498    - use the `-Wl,--rpath -Wl,LIBDIR' linker flag
#12 1.498 
#12 1.498 See any operating system documentation about shared libraries for
#12 1.498 more information, such as the ld(1) and ld.so(8) manual pages.
#12 1.498 ----------------------------------------------------------------------
#12 1.499 
#12 1.499 Build complete.
#12 1.499 Don't forget to run 'make test'.
#12 1.500 
#12 1.508 + strip --strip-all modules/pdo_mysql.so
#12 1.519 Installing shared extensions:     /usr/local/lib/php/extensions/no-debug-non-zts-20230831/
#12 1.557 find . -name \*.gcno -o -name \*.gcda | xargs rm -f
#12 1.559 find . -name \*.lo -o -name \*.o -o -name \*.dep | xargs rm -f
#12 1.560 find . -name \*.la -o -name \*.a | xargs rm -f
#12 1.561 find . -name \*.so | xargs rm -f
#12 1.563 find . -name .libs -a -type d|xargs rm -rf
#12 1.565 rm -f libphp.la      modules/* libs/*
#12 1.565 rm -f ext/opcache/jit/zend_jit_x86.c
#12 1.566 rm -f ext/opcache/jit/zend_jit_arm64.c
#12 1.566 rm -f ext/opcache/minilua
#12 1.585 Configuring for:
#12 1.585 PHP Api Version:         20230831
#12 1.585 Zend Module Api No:      20230831
#12 1.585 Zend Extension Api No:   420230831
#12 1.908 checking for grep that handles long lines and -e... /bin/grep
#12 1.922 checking for egrep... /bin/grep -E
#12 1.922 checking for a sed that does not truncate output... /bin/sed
#12 1.928 checking for pkg-config... /usr/bin/pkg-config
#12 1.928 checking pkg-config is at least version 0.9.0... yes
#12 1.928 checking for cc... cc
#12 1.936 checking whether the C compiler works... yes
#12 1.953 checking for C compiler default output file name... a.out
#12 1.954 checking for suffix of executables... 
#12 1.968 checking whether we are cross compiling... no
#12 1.984 checking for suffix of object files... o
#12 1.996 checking whether the compiler supports GNU C... yes
#12 2.009 checking whether cc accepts -g... yes
#12 2.020 checking for cc option to enable C11 features... none needed
#12 2.049 checking how to run the C preprocessor... cc -E
#12 2.074 checking for egrep -e... (cached) /bin/grep -E
#12 2.074 checking for icc... no
#12 2.079 checking for suncc... no
#12 2.085 checking for system library directory... lib
#12 2.085 checking if compiler supports -Wl,-rpath,... yes
#12 2.101 checking build system type... aarch64-unknown-linux-musl
#12 2.102 checking host system type... aarch64-unknown-linux-musl
#12 2.103 checking target system type... aarch64-unknown-linux-musl
#12 2.122 checking for PHP prefix... /usr/local
#12 2.122 checking for PHP includes... -I/usr/local/include/php -I/usr/local/include/php/main -I/usr/local/include/php/TSRM -I/usr/local/include/php/Zend -I/usr/local/include/php/ext -I/usr/local/include/php/ext/date/lib
#12 2.122 checking for PHP extension directory... /usr/local/lib/php/extensions/no-debug-non-zts-20230831
#12 2.122 checking for PHP installed headers prefix... /usr/local/include/php
#12 2.122 checking if debug is enabled... no
#12 2.129 checking if zts is enabled... no
#12 2.136 checking for gawk... no
#12 2.136 checking for nawk... no
#12 2.136 checking for awk... awk
#12 2.136 checking if awk is broken... no
#12 2.136 checking whether to enable multibyte string support... yes, shared
#12 2.136 checking whether to enable multibyte regex support (requires oniguruma)... yes
#12 2.137 checking for oniguruma... yes
#12 2.139 checking if oniguruma has an invalid entry for KOI8 encoding... yes
#12 2.206 checking for a sed that does not truncate output... /bin/sed
#12 2.207 checking for ld used by cc... /usr/aarch64-alpine-linux-musl/bin/ld
#12 2.211 checking if the linker (/usr/aarch64-alpine-linux-musl/bin/ld) is GNU ld... yes
#12 2.212 checking for /usr/aarch64-alpine-linux-musl/bin/ld option to reload object files... -r
#12 2.212 checking for BSD-compatible nm... /usr/bin/nm -B
#12 2.212 checking whether ln -s works... yes
#12 2.212 checking how to recognize dependent libraries... pass_all
#12 2.213 checking for stdio.h... yes
#12 2.222 checking for stdlib.h... yes
#12 2.232 checking for string.h... yes
#12 2.241 checking for inttypes.h... yes
#12 2.251 checking for stdint.h... yes
#12 2.261 checking for strings.h... yes
#12 2.271 checking for sys/stat.h... yes
#12 2.282 checking for sys/types.h... yes
#12 2.293 checking for unistd.h... yes
#12 2.305 checking for dlfcn.h... yes
#12 2.315 checking the maximum length of command line arguments... 98304
#12 2.316 checking command to parse /usr/bin/nm -B output from cc object... ok
#12 2.345 checking for objdir... .libs
#12 2.346 checking for ar... ar
#12 2.346 checking for ranlib... ranlib
#12 2.346 checking for strip... strip
#12 2.369 checking if cc supports -fno-rtti -fno-exceptions... no
#12 2.379 checking for cc option to produce PIC... -fPIC
#12 2.379 checking if cc PIC flag -fPIC works... yes
#12 2.388 checking if cc static flag -static works... yes
#12 2.402 checking if cc supports -c -o file.o... yes
#12 2.413 checking whether the cc linker (/usr/aarch64-alpine-linux-musl/bin/ld) supports shared libraries... yes
#12 2.419 checking whether -lc should be explicitly linked in... no
#12 2.431 checking dynamic linker characteristics... GNU/Linux ld.so
#12 2.434 checking how to hardcode library paths into programs... immediate
#12 2.434 checking whether stripping libraries is possible... yes
#12 2.435 checking if libtool supports shared libraries... yes
#12 2.435 checking whether to build shared libraries... yes
#12 2.435 checking whether to build static libraries... no
#12 2.463 
#12 2.463 creating libtool
#12 2.474 appending configuration tag "CXX" to libtool
#12 2.499 configure: patching config.h.in
#12 2.500 configure: creating ./config.status
#12 2.513 config.status: creating config.h
#12 2.530 /bin/sh /usr/src/php/ext/mbstring/libtool --tag=CC --mode=compile cc -I. -I/usr/src/php/ext/mbstring -I/usr/src/php/ext/mbstring/include -I/usr/src/php/ext/mbstring/main -I/usr/src/php/ext/mbstring -I/usr/local/include/php -I/usr/local/include/php/main -I/usr/local/include/php/TSRM -I/usr/local/include/php/Zend -I/usr/local/include/php/ext -I/usr/local/include/php/ext/date/lib -I/usr/src/php/ext/mbstring/libmbfl -I/usr/src/php/ext/mbstring/libmbfl/mbfl  -fstack-protector-strong -fpic -fpie -O2 -D_LARGEFILE_SOURCE -D_FILE_OFFSET_BITS=64 -DHAVE_CONFIG_H  -fstack-protector-strong -fpic -fpie -O2 -D_LARGEFILE_SOURCE -D_FILE_OFFSET_BITS=64 -D_GNU_SOURCE    -DONIG_ESCAPE_UCHAR_COLLISION=1 -DUChar=OnigUChar -DZEND_ENABLE_STATIC_TSRMLS_CACHE=1 -DZEND_COMPILE_DL_EXT=1 -c /usr/src/php/ext/mbstring/mbstring.c -o mbstring.lo  -MMD -MF mbstring.dep -MT mbstring.lo
#12 2.530 /bin/sh /usr/src/php/ext/mbstring/libtool --tag=CC --mode=compile cc -I. -I/usr/src/php/ext/mbstring -I/usr/src/php/ext/mbstring/include -I/usr/src/php/ext/mbstring/main -I/usr/src/php/ext/mbstring -I/usr/local/include/php -I/usr/local/include/php/main -I/usr/local/include/php/TSRM -I/usr/local/include/php/Zend -I/usr/local/include/php/ext -I/usr/local/include/php/ext/date/lib -I/usr/src/php/ext/mbstring/libmbfl -I/usr/src/php/ext/mbstring/libmbfl/mbfl  -fstack-protector-strong -fpic -fpie -O2 -D_LARGEFILE_SOURCE -D_FILE_OFFSET_BITS=64 -DHAVE_CONFIG_H  -fstack-protector-strong -fpic -fpie -O2 -D_LARGEFILE_SOURCE -D_FILE_OFFSET_BITS=64 -D_GNU_SOURCE    -DONIG_ESCAPE_UCHAR_COLLISION=1 -DUChar=OnigUChar -DZEND_ENABLE_STATIC_TSRMLS_CACHE=1 -DZEND_COMPILE_DL_EXT=1 -c /usr/src/php/ext/mbstring/php_unicode.c -o php_unicode.lo  -MMD -MF php_unicode.dep -MT php_unicode.lo
#12 2.531 /bin/sh /usr/src/php/ext/mbstring/libtool --tag=CC --mode=compile cc -I. -I/usr/src/php/ext/mbstring -I/usr/src/php/ext/mbstring/include -I/usr/src/php/ext/mbstring/main -I/usr/src/php/ext/mbstring -I/usr/local/include/php -I/usr/local/include/php/main -I/usr/local/include/php/TSRM -I/usr/local/include/php/Zend -I/usr/local/include/php/ext -I/usr/local/include/php/ext/date/lib -I/usr/src/php/ext/mbstring/libmbfl -I/usr/src/php/ext/mbstring/libmbfl/mbfl  -fstack-protector-strong -fpic -fpie -O2 -D_LARGEFILE_SOURCE -D_FILE_OFFSET_BITS=64 -DHAVE_CONFIG_H  -fstack-protector-strong -fpic -fpie -O2 -D_LARGEFILE_SOURCE -D_FILE_OFFSET_BITS=64 -D_GNU_SOURCE    -DONIG_ESCAPE_UCHAR_COLLISION=1 -DUChar=OnigUChar -DZEND_ENABLE_STATIC_TSRMLS_CACHE=1 -DZEND_COMPILE_DL_EXT=1 -c /usr/src/php/ext/mbstring/mb_gpc.c -o mb_gpc.lo  -MMD -MF mb_gpc.dep -MT mb_gpc.lo
#12 2.531 /bin/sh /usr/src/php/ext/mbstring/libtool --tag=CC --mode=compile cc -I. -I/usr/src/php/ext/mbstring -I/usr/src/php/ext/mbstring/include -I/usr/src/php/ext/mbstring/main -I/usr/src/php/ext/mbstring -I/usr/local/include/php -I/usr/local/include/php/main -I/usr/local/include/php/TSRM -I/usr/local/include/php/Zend -I/usr/local/include/php/ext -I/usr/local/include/php/ext/date/lib -I/usr/src/php/ext/mbstring/libmbfl -I/usr/src/php/ext/mbstring/libmbfl/mbfl  -fstack-protector-strong -fpic -fpie -O2 -D_LARGEFILE_SOURCE -D_FILE_OFFSET_BITS=64 -DHAVE_CONFIG_H  -fstack-protector-strong -fpic -fpie -O2 -D_LARGEFILE_SOURCE -D_FILE_OFFSET_BITS=64 -D_GNU_SOURCE    -DONIG_ESCAPE_UCHAR_COLLISION=1 -DUChar=OnigUChar -DZEND_ENABLE_STATIC_TSRMLS_CACHE=1 -DZEND_COMPILE_DL_EXT=1 -c /usr/src/php/ext/mbstring/php_mbregex.c -o php_mbregex.lo  -MMD -MF php_mbregex.dep -MT php_mbregex.lo
#12 2.531 /bin/sh /usr/src/php/ext/mbstring/libtool --tag=CC --mode=compile cc -I. -I/usr/src/php/ext/mbstring -I/usr/src/php/ext/mbstring/include -I/usr/src/php/ext/mbstring/main -I/usr/src/php/ext/mbstring -I/usr/local/include/php -I/usr/local/include/php/main -I/usr/local/include/php/TSRM -I/usr/local/include/php/Zend -I/usr/local/include/php/ext -I/usr/local/include/php/ext/date/lib -I/usr/src/php/ext/mbstring/libmbfl -I/usr/src/php/ext/mbstring/libmbfl/mbfl  -fstack-protector-strong -fpic -fpie -O2 -D_LARGEFILE_SOURCE -D_FILE_OFFSET_BITS=64 -DHAVE_CONFIG_H  -fstack-protector-strong -fpic -fpie -O2 -D_LARGEFILE_SOURCE -D_FILE_OFFSET_BITS=64 -D_GNU_SOURCE    -DONIG_ESCAPE_UCHAR_COLLISION=1 -DUChar=OnigUChar -DZEND_ENABLE_STATIC_TSRMLS_CACHE=1 -DZEND_COMPILE_DL_EXT=1 -c /usr/src/php/ext/mbstring/libmbfl/filters/html_entities.c -o libmbfl/filters/html_entities.lo  -MMD -MF libmbfl/filters/html_entities.dep -MT libmbfl/filters/html_entities.lo
#12 2.531 /bin/sh /usr/src/php/ext/mbstring/libtool --tag=CC --mode=compile cc -I. -I/usr/src/php/ext/mbstring -I/usr/src/php/ext/mbstring/include -I/usr/src/php/ext/mbstring/main -I/usr/src/php/ext/mbstring -I/usr/local/include/php -I/usr/local/include/php/main -I/usr/local/include/php/TSRM -I/usr/local/include/php/Zend -I/usr/local/include/php/ext -I/usr/local/include/php/ext/date/lib -I/usr/src/php/ext/mbstring/libmbfl -I/usr/src/php/ext/mbstring/libmbfl/mbfl  -fstack-protector-strong -fpic -fpie -O2 -D_LARGEFILE_SOURCE -D_FILE_OFFSET_BITS=64 -DHAVE_CONFIG_H  -fstack-protector-strong -fpic -fpie -O2 -D_LARGEFILE_SOURCE -D_FILE_OFFSET_BITS=64 -D_GNU_SOURCE    -DONIG_ESCAPE_UCHAR_COLLISION=1 -DUChar=OnigUChar -DZEND_ENABLE_STATIC_TSRMLS_CACHE=1 -DZEND_COMPILE_DL_EXT=1 -c /usr/src/php/ext/mbstring/libmbfl/filters/mbfilter_7bit.c -o libmbfl/filters/mbfilter_7bit.lo  -MMD -MF libmbfl/filters/mbfilter_7bit.dep -MT libmbfl/filters/mbfilter_7bit.lo
#12 2.532 /bin/sh /usr/src/php/ext/mbstring/libtool --tag=CC --mode=compile cc -I. -I/usr/src/php/ext/mbstring -I/usr/src/php/ext/mbstring/include -I/usr/src/php/ext/mbstring/main -I/usr/src/php/ext/mbstring -I/usr/local/include/php -I/usr/local/include/php/main -I/usr/local/include/php/TSRM -I/usr/local/include/php/Zend -I/usr/local/include/php/ext -I/usr/local/include/php/ext/date/lib -I/usr/src/php/ext/mbstring/libmbfl -I/usr/src/php/ext/mbstring/libmbfl/mbfl  -fstack-protector-strong -fpic -fpie -O2 -D_LARGEFILE_SOURCE -D_FILE_OFFSET_BITS=64 -DHAVE_CONFIG_H  -fstack-protector-strong -fpic -fpie -O2 -D_LARGEFILE_SOURCE -D_FILE_OFFSET_BITS=64 -D_GNU_SOURCE    -DONIG_ESCAPE_UCHAR_COLLISION=1 -DUChar=OnigUChar -DZEND_ENABLE_STATIC_TSRMLS_CACHE=1 -DZEND_COMPILE_DL_EXT=1 -c /usr/src/php/ext/mbstring/libmbfl/filters/mbfilter_base64.c -o libmbfl/filters/mbfilter_base64.lo  -MMD -MF libmbfl/filters/mbfilter_base64.dep -MT libmbfl/filters/mbfilter_base64.lo
#12 2.532 /bin/sh /usr/src/php/ext/mbstring/libtool --tag=CC --mode=compile cc -I. -I/usr/src/php/ext/mbstring -I/usr/src/php/ext/mbstring/include -I/usr/src/php/ext/mbstring/main -I/usr/src/php/ext/mbstring -I/usr/local/include/php -I/usr/local/include/php/main -I/usr/local/include/php/TSRM -I/usr/local/include/php/Zend -I/usr/local/include/php/ext -I/usr/local/include/php/ext/date/lib -I/usr/src/php/ext/mbstring/libmbfl -I/usr/src/php/ext/mbstring/libmbfl/mbfl  -fstack-protector-strong -fpic -fpie -O2 -D_LARGEFILE_SOURCE -D_FILE_OFFSET_BITS=64 -DHAVE_CONFIG_H  -fstack-protector-strong -fpic -fpie -O2 -D_LARGEFILE_SOURCE -D_FILE_OFFSET_BITS=64 -D_GNU_SOURCE    -DONIG_ESCAPE_UCHAR_COLLISION=1 -DUChar=OnigUChar -DZEND_ENABLE_STATIC_TSRMLS_CACHE=1 -DZEND_COMPILE_DL_EXT=1 -c /usr/src/php/ext/mbstring/libmbfl/filters/mbfilter_cjk.c -o libmbfl/filters/mbfilter_cjk.lo  -MMD -MF libmbfl/filters/mbfilter_cjk.dep -MT libmbfl/filters/mbfilter_cjk.lo
#12 2.532 /bin/sh /usr/src/php/ext/mbstring/libtool --tag=CC --mode=compile cc -I. -I/usr/src/php/ext/mbstring -I/usr/src/php/ext/mbstring/include -I/usr/src/php/ext/mbstring/main -I/usr/src/php/ext/mbstring -I/usr/local/include/php -I/usr/local/include/php/main -I/usr/local/include/php/TSRM -I/usr/local/include/php/Zend -I/usr/local/include/php/ext -I/usr/local/include/php/ext/date/lib -I/usr/src/php/ext/mbstring/libmbfl -I/usr/src/php/ext/mbstring/libmbfl/mbfl  -fstack-protector-strong -fpic -fpie -O2 -D_LARGEFILE_SOURCE -D_FILE_OFFSET_BITS=64 -DHAVE_CONFIG_H  -fstack-protector-strong -fpic -fpie -O2 -D_LARGEFILE_SOURCE -D_FILE_OFFSET_BITS=64 -D_GNU_SOURCE    -DONIG_ESCAPE_UCHAR_COLLISION=1 -DUChar=OnigUChar -DZEND_ENABLE_STATIC_TSRMLS_CACHE=1 -DZEND_COMPILE_DL_EXT=1 -c /usr/src/php/ext/mbstring/libmbfl/filters/mbfilter_htmlent.c -o libmbfl/filters/mbfilter_htmlent.lo  -MMD -MF libmbfl/filters/mbfilter_htmlent.dep -MT libmbfl/filters/mbfilter_htmlent.lo
#12 2.533 /bin/sh /usr/src/php/ext/mbstring/libtool --tag=CC --mode=compile cc -I. -I/usr/src/php/ext/mbstring -I/usr/src/php/ext/mbstring/include -I/usr/src/php/ext/mbstring/main -I/usr/src/php/ext/mbstring -I/usr/local/include/php -I/usr/local/include/php/main -I/usr/local/include/php/TSRM -I/usr/local/include/php/Zend -I/usr/local/include/php/ext -I/usr/local/include/php/ext/date/lib -I/usr/src/php/ext/mbstring/libmbfl -I/usr/src/php/ext/mbstring/libmbfl/mbfl  -fstack-protector-strong -fpic -fpie -O2 -D_LARGEFILE_SOURCE -D_FILE_OFFSET_BITS=64 -DHAVE_CONFIG_H  -fstack-protector-strong -fpic -fpie -O2 -D_LARGEFILE_SOURCE -D_FILE_OFFSET_BITS=64 -D_GNU_SOURCE    -DONIG_ESCAPE_UCHAR_COLLISION=1 -DUChar=OnigUChar -DZEND_ENABLE_STATIC_TSRMLS_CACHE=1 -DZEND_COMPILE_DL_EXT=1 -c /usr/src/php/ext/mbstring/libmbfl/filters/mbfilter_qprint.c -o libmbfl/filters/mbfilter_qprint.lo  -MMD -MF libmbfl/filters/mbfilter_qprint.dep -MT libmbfl/filters/mbfilter_qprint.lo
#12 2.533 /bin/sh /usr/src/php/ext/mbstring/libtool --tag=CC --mode=compile cc -I. -I/usr/src/php/ext/mbstring -I/usr/src/php/ext/mbstring/include -I/usr/src/php/ext/mbstring/main -I/usr/src/php/ext/mbstring -I/usr/local/include/php -I/usr/local/include/php/main -I/usr/local/include/php/TSRM -I/usr/local/include/php/Zend -I/usr/local/include/php/ext -I/usr/local/include/php/ext/date/lib -I/usr/src/php/ext/mbstring/libmbfl -I/usr/src/php/ext/mbstring/libmbfl/mbfl  -fstack-protector-strong -fpic -fpie -O2 -D_LARGEFILE_SOURCE -D_FILE_OFFSET_BITS=64 -DHAVE_CONFIG_H  -fstack-protector-strong -fpic -fpie -O2 -D_LARGEFILE_SOURCE -D_FILE_OFFSET_BITS=64 -D_GNU_SOURCE    -DONIG_ESCAPE_UCHAR_COLLISION=1 -DUChar=OnigUChar -DZEND_ENABLE_STATIC_TSRMLS_CACHE=1 -DZEND_COMPILE_DL_EXT=1 -c /usr/src/php/ext/mbstring/libmbfl/filters/mbfilter_singlebyte.c -o libmbfl/filters/mbfilter_singlebyte.lo  -MMD -MF libmbfl/filters/mbfilter_singlebyte.dep -MT libmbfl/filters/mbfilter_singlebyte.lo
#12 2.534 /bin/sh /usr/src/php/ext/mbstring/libtool --tag=CC --mode=compile cc -I. -I/usr/src/php/ext/mbstring -I/usr/src/php/ext/mbstring/include -I/usr/src/php/ext/mbstring/main -I/usr/src/php/ext/mbstring -I/usr/local/include/php -I/usr/local/include/php/main -I/usr/local/include/php/TSRM -I/usr/local/include/php/Zend -I/usr/local/include/php/ext -I/usr/local/include/php/ext/date/lib -I/usr/src/php/ext/mbstring/libmbfl -I/usr/src/php/ext/mbstring/libmbfl/mbfl  -fstack-protector-strong -fpic -fpie -O2 -D_LARGEFILE_SOURCE -D_FILE_OFFSET_BITS=64 -DHAVE_CONFIG_H  -fstack-protector-strong -fpic -fpie -O2 -D_LARGEFILE_SOURCE -D_FILE_OFFSET_BITS=64 -D_GNU_SOURCE    -DONIG_ESCAPE_UCHAR_COLLISION=1 -DUChar=OnigUChar -DZEND_ENABLE_STATIC_TSRMLS_CACHE=1 -DZEND_COMPILE_DL_EXT=1 -c /usr/src/php/ext/mbstring/libmbfl/filters/mbfilter_ucs2.c -o libmbfl/filters/mbfilter_ucs2.lo  -MMD -MF libmbfl/filters/mbfilter_ucs2.dep -MT libmbfl/filters/mbfilter_ucs2.lo
#12 2.584 mkdir .libs
#12 2.585 mkdir .libs
#12 2.586 mkdir: can't create directory '.libs': File exists
#12 2.586  cc -I. -I/usr/src/php/ext/mbstring -I/usr/src/php/ext/mbstring/include -I/usr/src/php/ext/mbstring/main -I/usr/src/php/ext/mbstring -I/usr/local/include/php -I/usr/local/include/php/main -I/usr/local/include/php/TSRM -I/usr/local/include/php/Zend -I/usr/local/include/php/ext -I/usr/local/include/php/ext/date/lib -I/usr/src/php/ext/mbstring/libmbfl -I/usr/src/php/ext/mbstring/libmbfl/mbfl -fstack-protector-strong -fpic -fpie -O2 -D_LARGEFILE_SOURCE -D_FILE_OFFSET_BITS=64 -DHAVE_CONFIG_H -fstack-protector-strong -fpic -fpie -O2 -D_LARGEFILE_SOURCE -D_FILE_OFFSET_BITS=64 -D_GNU_SOURCE -DONIG_ESCAPE_UCHAR_COLLISION=1 -DUChar=OnigUChar -DZEND_ENABLE_STATIC_TSRMLS_CACHE=1 -DZEND_COMPILE_DL_EXT=1 -c /usr/src/php/ext/mbstring/mb_gpc.c -MMD -MF mb_gpc.dep -MT mb_gpc.lo  -fPIC -DPIC -o .libs/mb_gpc.o
#12 2.586  cc -I. -I/usr/src/php/ext/mbstring -I/usr/src/php/ext/mbstring/include -I/usr/src/php/ext/mbstring/main -I/usr/src/php/ext/mbstring -I/usr/local/include/php -I/usr/local/include/php/main -I/usr/local/include/php/TSRM -I/usr/local/include/php/Zend -I/usr/local/include/php/ext -I/usr/local/include/php/ext/date/lib -I/usr/src/php/ext/mbstring/libmbfl -I/usr/src/php/ext/mbstring/libmbfl/mbfl -fstack-protector-strong -fpic -fpie -O2 -D_LARGEFILE_SOURCE -D_FILE_OFFSET_BITS=64 -DHAVE_CONFIG_H -fstack-protector-strong -fpic -fpie -O2 -D_LARGEFILE_SOURCE -D_FILE_OFFSET_BITS=64 -D_GNU_SOURCE -DONIG_ESCAPE_UCHAR_COLLISION=1 -DUChar=OnigUChar -DZEND_ENABLE_STATIC_TSRMLS_CACHE=1 -DZEND_COMPILE_DL_EXT=1 -c /usr/src/php/ext/mbstring/php_unicode.c -MMD -MF php_unicode.dep -MT php_unicode.lo  -fPIC -DPIC -o .libs/php_unicode.o
#12 2.586  cc -I. -I/usr/src/php/ext/mbstring -I/usr/src/php/ext/mbstring/include -I/usr/src/php/ext/mbstring/main -I/usr/src/php/ext/mbstring -I/usr/local/include/php -I/usr/local/include/php/main -I/usr/local/include/php/TSRM -I/usr/local/include/php/Zend -I/usr/local/include/php/ext -I/usr/local/include/php/ext/date/lib -I/usr/src/php/ext/mbstring/libmbfl -I/usr/src/php/ext/mbstring/libmbfl/mbfl -fstack-protector-strong -fpic -fpie -O2 -D_LARGEFILE_SOURCE -D_FILE_OFFSET_BITS=64 -DHAVE_CONFIG_H -fstack-protector-strong -fpic -fpie -O2 -D_LARGEFILE_SOURCE -D_FILE_OFFSET_BITS=64 -D_GNU_SOURCE -DONIG_ESCAPE_UCHAR_COLLISION=1 -DUChar=OnigUChar -DZEND_ENABLE_STATIC_TSRMLS_CACHE=1 -DZEND_COMPILE_DL_EXT=1 -c /usr/src/php/ext/mbstring/php_mbregex.c -MMD -MF php_mbregex.dep -MT php_mbregex.lo  -fPIC -DPIC -o .libs/php_mbregex.o
#12 2.586 mkdir libmbfl/filters/.libs
#12 2.588  cc -I. -I/usr/src/php/ext/mbstring -I/usr/src/php/ext/mbstring/include -I/usr/src/php/ext/mbstring/main -I/usr/src/php/ext/mbstring -I/usr/local/include/php -I/usr/local/include/php/main -I/usr/local/include/php/TSRM -I/usr/local/include/php/Zend -I/usr/local/include/php/ext -I/usr/local/include/php/ext/date/lib -I/usr/src/php/ext/mbstring/libmbfl -I/usr/src/php/ext/mbstring/libmbfl/mbfl -fstack-protector-strong -fpic -fpie -O2 -D_LARGEFILE_SOURCE -D_FILE_OFFSET_BITS=64 -DHAVE_CONFIG_H -fstack-protector-strong -fpic -fpie -O2 -D_LARGEFILE_SOURCE -D_FILE_OFFSET_BITS=64 -D_GNU_SOURCE -DONIG_ESCAPE_UCHAR_COLLISION=1 -DUChar=OnigUChar -DZEND_ENABLE_STATIC_TSRMLS_CACHE=1 -DZEND_COMPILE_DL_EXT=1 -c /usr/src/php/ext/mbstring/libmbfl/filters/mbfilter_cjk.c -MMD -MF libmbfl/filters/mbfilter_cjk.dep -MT libmbfl/filters/mbfilter_cjk.lo  -fPIC -DPIC -o libmbfl/filters/.libs/mbfilter_cjk.o
#12 2.590  cc -I. -I/usr/src/php/ext/mbstring -I/usr/src/php/ext/mbstring/include -I/usr/src/php/ext/mbstring/main -I/usr/src/php/ext/mbstring -I/usr/local/include/php -I/usr/local/include/php/main -I/usr/local/include/php/TSRM -I/usr/local/include/php/Zend -I/usr/local/include/php/ext -I/usr/local/include/php/ext/date/lib -I/usr/src/php/ext/mbstring/libmbfl -I/usr/src/php/ext/mbstring/libmbfl/mbfl -fstack-protector-strong -fpic -fpie -O2 -D_LARGEFILE_SOURCE -D_FILE_OFFSET_BITS=64 -DHAVE_CONFIG_H -fstack-protector-strong -fpic -fpie -O2 -D_LARGEFILE_SOURCE -D_FILE_OFFSET_BITS=64 -D_GNU_SOURCE -DONIG_ESCAPE_UCHAR_COLLISION=1 -DUChar=OnigUChar -DZEND_ENABLE_STATIC_TSRMLS_CACHE=1 -DZEND_COMPILE_DL_EXT=1 -c /usr/src/php/ext/mbstring/libmbfl/filters/mbfilter_base64.c -MMD -MF libmbfl/filters/mbfilter_base64.dep -MT libmbfl/filters/mbfilter_base64.lo  -fPIC -DPIC -o libmbfl/filters/.libs/mbfilter_base64.o
#12 2.590  cc -I. -I/usr/src/php/ext/mbstring -I/usr/src/php/ext/mbstring/include -I/usr/src/php/ext/mbstring/main -I/usr/src/php/ext/mbstring -I/usr/local/include/php -I/usr/local/include/php/main -I/usr/local/include/php/TSRM -I/usr/local/include/php/Zend -I/usr/local/include/php/ext -I/usr/local/include/php/ext/date/lib -I/usr/src/php/ext/mbstring/libmbfl -I/usr/src/php/ext/mbstring/libmbfl/mbfl -fstack-protector-strong -fpic -fpie -O2 -D_LARGEFILE_SOURCE -D_FILE_OFFSET_BITS=64 -DHAVE_CONFIG_H -fstack-protector-strong -fpic -fpie -O2 -D_LARGEFILE_SOURCE -D_FILE_OFFSET_BITS=64 -D_GNU_SOURCE -DONIG_ESCAPE_UCHAR_COLLISION=1 -DUChar=OnigUChar -DZEND_ENABLE_STATIC_TSRMLS_CACHE=1 -DZEND_COMPILE_DL_EXT=1 -c /usr/src/php/ext/mbstring/mbstring.c -MMD -MF mbstring.dep -MT mbstring.lo  -fPIC -DPIC -o .libs/mbstring.o
#12 2.590  cc -I. -I/usr/src/php/ext/mbstring -I/usr/src/php/ext/mbstring/include -I/usr/src/php/ext/mbstring/main -I/usr/src/php/ext/mbstring -I/usr/local/include/php -I/usr/local/include/php/main -I/usr/local/include/php/TSRM -I/usr/local/include/php/Zend -I/usr/local/include/php/ext -I/usr/local/include/php/ext/date/lib -I/usr/src/php/ext/mbstring/libmbfl -I/usr/src/php/ext/mbstring/libmbfl/mbfl -fstack-protector-strong -fpic -fpie -O2 -D_LARGEFILE_SOURCE -D_FILE_OFFSET_BITS=64 -DHAVE_CONFIG_H -fstack-protector-strong -fpic -fpie -O2 -D_LARGEFILE_SOURCE -D_FILE_OFFSET_BITS=64 -D_GNU_SOURCE -DONIG_ESCAPE_UCHAR_COLLISION=1 -DUChar=OnigUChar -DZEND_ENABLE_STATIC_TSRMLS_CACHE=1 -DZEND_COMPILE_DL_EXT=1 -c /usr/src/php/ext/mbstring/libmbfl/filters/mbfilter_qprint.c -MMD -MF libmbfl/filters/mbfilter_qprint.dep -MT libmbfl/filters/mbfilter_qprint.lo  -fPIC -DPIC -o libmbfl/filters/.libs/mbfilter_qprint.o
#12 2.591  cc -I. -I/usr/src/php/ext/mbstring -I/usr/src/php/ext/mbstring/include -I/usr/src/php/ext/mbstring/main -I/usr/src/php/ext/mbstring -I/usr/local/include/php -I/usr/local/include/php/main -I/usr/local/include/php/TSRM -I/usr/local/include/php/Zend -I/usr/local/include/php/ext -I/usr/local/include/php/ext/date/lib -I/usr/src/php/ext/mbstring/libmbfl -I/usr/src/php/ext/mbstring/libmbfl/mbfl -fstack-protector-strong -fpic -fpie -O2 -D_LARGEFILE_SOURCE -D_FILE_OFFSET_BITS=64 -DHAVE_CONFIG_H -fstack-protector-strong -fpic -fpie -O2 -D_LARGEFILE_SOURCE -D_FILE_OFFSET_BITS=64 -D_GNU_SOURCE -DONIG_ESCAPE_UCHAR_COLLISION=1 -DUChar=OnigUChar -DZEND_ENABLE_STATIC_TSRMLS_CACHE=1 -DZEND_COMPILE_DL_EXT=1 -c /usr/src/php/ext/mbstring/libmbfl/filters/mbfilter_7bit.c -MMD -MF libmbfl/filters/mbfilter_7bit.dep -MT libmbfl/filters/mbfilter_7bit.lo  -fPIC -DPIC -o libmbfl/filters/.libs/mbfilter_7bit.o
#12 2.593  cc -I. -I/usr/src/php/ext/mbstring -I/usr/src/php/ext/mbstring/include -I/usr/src/php/ext/mbstring/main -I/usr/src/php/ext/mbstring -I/usr/local/include/php -I/usr/local/include/php/main -I/usr/local/include/php/TSRM -I/usr/local/include/php/Zend -I/usr/local/include/php/ext -I/usr/local/include/php/ext/date/lib -I/usr/src/php/ext/mbstring/libmbfl -I/usr/src/php/ext/mbstring/libmbfl/mbfl -fstack-protector-strong -fpic -fpie -O2 -D_LARGEFILE_SOURCE -D_FILE_OFFSET_BITS=64 -DHAVE_CONFIG_H -fstack-protector-strong -fpic -fpie -O2 -D_LARGEFILE_SOURCE -D_FILE_OFFSET_BITS=64 -D_GNU_SOURCE -DONIG_ESCAPE_UCHAR_COLLISION=1 -DUChar=OnigUChar -DZEND_ENABLE_STATIC_TSRMLS_CACHE=1 -DZEND_COMPILE_DL_EXT=1 -c /usr/src/php/ext/mbstring/libmbfl/filters/mbfilter_htmlent.c -MMD -MF libmbfl/filters/mbfilter_htmlent.dep -MT libmbfl/filters/mbfilter_htmlent.lo  -fPIC -DPIC -o libmbfl/filters/.libs/mbfilter_htmlent.o
#12 2.597  cc -I. -I/usr/src/php/ext/mbstring -I/usr/src/php/ext/mbstring/include -I/usr/src/php/ext/mbstring/main -I/usr/src/php/ext/mbstring -I/usr/local/include/php -I/usr/local/include/php/main -I/usr/local/include/php/TSRM -I/usr/local/include/php/Zend -I/usr/local/include/php/ext -I/usr/local/include/php/ext/date/lib -I/usr/src/php/ext/mbstring/libmbfl -I/usr/src/php/ext/mbstring/libmbfl/mbfl -fstack-protector-strong -fpic -fpie -O2 -D_LARGEFILE_SOURCE -D_FILE_OFFSET_BITS=64 -DHAVE_CONFIG_H -fstack-protector-strong -fpic -fpie -O2 -D_LARGEFILE_SOURCE -D_FILE_OFFSET_BITS=64 -D_GNU_SOURCE -DONIG_ESCAPE_UCHAR_COLLISION=1 -DUChar=OnigUChar -DZEND_ENABLE_STATIC_TSRMLS_CACHE=1 -DZEND_COMPILE_DL_EXT=1 -c /usr/src/php/ext/mbstring/libmbfl/filters/mbfilter_singlebyte.c -MMD -MF libmbfl/filters/mbfilter_singlebyte.dep -MT libmbfl/filters/mbfilter_singlebyte.lo  -fPIC -DPIC -o libmbfl/filters/.libs/mbfilter_singlebyte.o
#12 2.598  cc -I. -I/usr/src/php/ext/mbstring -I/usr/src/php/ext/mbstring/include -I/usr/src/php/ext/mbstring/main -I/usr/src/php/ext/mbstring -I/usr/local/include/php -I/usr/local/include/php/main -I/usr/local/include/php/TSRM -I/usr/local/include/php/Zend -I/usr/local/include/php/ext -I/usr/local/include/php/ext/date/lib -I/usr/src/php/ext/mbstring/libmbfl -I/usr/src/php/ext/mbstring/libmbfl/mbfl -fstack-protector-strong -fpic -fpie -O2 -D_LARGEFILE_SOURCE -D_FILE_OFFSET_BITS=64 -DHAVE_CONFIG_H -fstack-protector-strong -fpic -fpie -O2 -D_LARGEFILE_SOURCE -D_FILE_OFFSET_BITS=64 -D_GNU_SOURCE -DONIG_ESCAPE_UCHAR_COLLISION=1 -DUChar=OnigUChar -DZEND_ENABLE_STATIC_TSRMLS_CACHE=1 -DZEND_COMPILE_DL_EXT=1 -c /usr/src/php/ext/mbstring/libmbfl/filters/mbfilter_ucs2.c -MMD -MF libmbfl/filters/mbfilter_ucs2.dep -MT libmbfl/filters/mbfilter_ucs2.lo  -fPIC -DPIC -o libmbfl/filters/.libs/mbfilter_ucs2.o
#12 2.624  cc -I. -I/usr/src/php/ext/mbstring -I/usr/src/php/ext/mbstring/include -I/usr/src/php/ext/mbstring/main -I/usr/src/php/ext/mbstring -I/usr/local/include/php -I/usr/local/include/php/main -I/usr/local/include/php/TSRM -I/usr/local/include/php/Zend -I/usr/local/include/php/ext -I/usr/local/include/php/ext/date/lib -I/usr/src/php/ext/mbstring/libmbfl -I/usr/src/php/ext/mbstring/libmbfl/mbfl -fstack-protector-strong -fpic -fpie -O2 -D_LARGEFILE_SOURCE -D_FILE_OFFSET_BITS=64 -DHAVE_CONFIG_H -fstack-protector-strong -fpic -fpie -O2 -D_LARGEFILE_SOURCE -D_FILE_OFFSET_BITS=64 -D_GNU_SOURCE -DONIG_ESCAPE_UCHAR_COLLISION=1 -DUChar=OnigUChar -DZEND_ENABLE_STATIC_TSRMLS_CACHE=1 -DZEND_COMPILE_DL_EXT=1 -c /usr/src/php/ext/mbstring/libmbfl/filters/html_entities.c -MMD -MF libmbfl/filters/html_entities.dep -MT libmbfl/filters/html_entities.lo  -fPIC -DPIC -o libmbfl/filters/.libs/html_entities.o
#12 2.967 /bin/sh /usr/src/php/ext/mbstring/libtool --tag=CC --mode=compile cc -I. -I/usr/src/php/ext/mbstring -I/usr/src/php/ext/mbstring/include -I/usr/src/php/ext/mbstring/main -I/usr/src/php/ext/mbstring -I/usr/local/include/php -I/usr/local/include/php/main -I/usr/local/include/php/TSRM -I/usr/local/include/php/Zend -I/usr/local/include/php/ext -I/usr/local/include/php/ext/date/lib -I/usr/src/php/ext/mbstring/libmbfl -I/usr/src/php/ext/mbstring/libmbfl/mbfl  -fstack-protector-strong -fpic -fpie -O2 -D_LARGEFILE_SOURCE -D_FILE_OFFSET_BITS=64 -DHAVE_CONFIG_H  -fstack-protector-strong -fpic -fpie -O2 -D_LARGEFILE_SOURCE -D_FILE_OFFSET_BITS=64 -D_GNU_SOURCE    -DONIG_ESCAPE_UCHAR_COLLISION=1 -DUChar=OnigUChar -DZEND_ENABLE_STATIC_TSRMLS_CACHE=1 -DZEND_COMPILE_DL_EXT=1 -c /usr/src/php/ext/mbstring/libmbfl/filters/mbfilter_ucs4.c -o libmbfl/filters/mbfilter_ucs4.lo  -MMD -MF libmbfl/filters/mbfilter_ucs4.dep -MT libmbfl/filters/mbfilter_ucs4.lo
#12 2.989 /bin/sh /usr/src/php/ext/mbstring/libtool --tag=CC --mode=compile cc -I. -I/usr/src/php/ext/mbstring -I/usr/src/php/ext/mbstring/include -I/usr/src/php/ext/mbstring/main -I/usr/src/php/ext/mbstring -I/usr/local/include/php -I/usr/local/include/php/main -I/usr/local/include/php/TSRM -I/usr/local/include/php/Zend -I/usr/local/include/php/ext -I/usr/local/include/php/ext/date/lib -I/usr/src/php/ext/mbstring/libmbfl -I/usr/src/php/ext/mbstring/libmbfl/mbfl  -fstack-protector-strong -fpic -fpie -O2 -D_LARGEFILE_SOURCE -D_FILE_OFFSET_BITS=64 -DHAVE_CONFIG_H  -fstack-protector-strong -fpic -fpie -O2 -D_LARGEFILE_SOURCE -D_FILE_OFFSET_BITS=64 -D_GNU_SOURCE    -DONIG_ESCAPE_UCHAR_COLLISION=1 -DUChar=OnigUChar -DZEND_ENABLE_STATIC_TSRMLS_CACHE=1 -DZEND_COMPILE_DL_EXT=1 -c /usr/src/php/ext/mbstring/libmbfl/filters/mbfilter_utf16.c -o libmbfl/filters/mbfilter_utf16.lo  -MMD -MF libmbfl/filters/mbfilter_utf16.dep -MT libmbfl/filters/mbfilter_utf16.lo
#12 3.001  cc -I. -I/usr/src/php/ext/mbstring -I/usr/src/php/ext/mbstring/include -I/usr/src/php/ext/mbstring/main -I/usr/src/php/ext/mbstring -I/usr/local/include/php -I/usr/local/include/php/main -I/usr/local/include/php/TSRM -I/usr/local/include/php/Zend -I/usr/local/include/php/ext -I/usr/local/include/php/ext/date/lib -I/usr/src/php/ext/mbstring/libmbfl -I/usr/src/php/ext/mbstring/libmbfl/mbfl -fstack-protector-strong -fpic -fpie -O2 -D_LARGEFILE_SOURCE -D_FILE_OFFSET_BITS=64 -DHAVE_CONFIG_H -fstack-protector-strong -fpic -fpie -O2 -D_LARGEFILE_SOURCE -D_FILE_OFFSET_BITS=64 -D_GNU_SOURCE -DONIG_ESCAPE_UCHAR_COLLISION=1 -DUChar=OnigUChar -DZEND_ENABLE_STATIC_TSRMLS_CACHE=1 -DZEND_COMPILE_DL_EXT=1 -c /usr/src/php/ext/mbstring/libmbfl/filters/mbfilter_ucs4.c -MMD -MF libmbfl/filters/mbfilter_ucs4.dep -MT libmbfl/filters/mbfilter_ucs4.lo  -fPIC -DPIC -o libmbfl/filters/.libs/mbfilter_ucs4.o
#12 3.018 /bin/sh /usr/src/php/ext/mbstring/libtool --tag=CC --mode=compile cc -I. -I/usr/src/php/ext/mbstring -I/usr/src/php/ext/mbstring/include -I/usr/src/php/ext/mbstring/main -I/usr/src/php/ext/mbstring -I/usr/local/include/php -I/usr/local/include/php/main -I/usr/local/include/php/TSRM -I/usr/local/include/php/Zend -I/usr/local/include/php/ext -I/usr/local/include/php/ext/date/lib -I/usr/src/php/ext/mbstring/libmbfl -I/usr/src/php/ext/mbstring/libmbfl/mbfl  -fstack-protector-strong -fpic -fpie -O2 -D_LARGEFILE_SOURCE -D_FILE_OFFSET_BITS=64 -DHAVE_CONFIG_H  -fstack-protector-strong -fpic -fpie -O2 -D_LARGEFILE_SOURCE -D_FILE_OFFSET_BITS=64 -D_GNU_SOURCE    -DONIG_ESCAPE_UCHAR_COLLISION=1 -DUChar=OnigUChar -DZEND_ENABLE_STATIC_TSRMLS_CACHE=1 -DZEND_COMPILE_DL_EXT=1 -c /usr/src/php/ext/mbstring/libmbfl/filters/mbfilter_utf32.c -o libmbfl/filters/mbfilter_utf32.lo  -MMD -MF libmbfl/filters/mbfilter_utf32.dep -MT libmbfl/filters/mbfilter_utf32.lo
#12 3.020 /bin/sh /usr/src/php/ext/mbstring/libtool --tag=CC --mode=compile cc -I. -I/usr/src/php/ext/mbstring -I/usr/src/php/ext/mbstring/include -I/usr/src/php/ext/mbstring/main -I/usr/src/php/ext/mbstring -I/usr/local/include/php -I/usr/local/include/php/main -I/usr/local/include/php/TSRM -I/usr/local/include/php/Zend -I/usr/local/include/php/ext -I/usr/local/include/php/ext/date/lib -I/usr/src/php/ext/mbstring/libmbfl -I/usr/src/php/ext/mbstring/libmbfl/mbfl  -fstack-protector-strong -fpic -fpie -O2 -D_LARGEFILE_SOURCE -D_FILE_OFFSET_BITS=64 -DHAVE_CONFIG_H  -fstack-protector-strong -fpic -fpie -O2 -D_LARGEFILE_SOURCE -D_FILE_OFFSET_BITS=64 -D_GNU_SOURCE    -DONIG_ESCAPE_UCHAR_COLLISION=1 -DUChar=OnigUChar -DZEND_ENABLE_STATIC_TSRMLS_CACHE=1 -DZEND_COMPILE_DL_EXT=1 -c /usr/src/php/ext/mbstring/libmbfl/filters/mbfilter_utf7.c -o libmbfl/filters/mbfilter_utf7.lo  -MMD -MF libmbfl/filters/mbfilter_utf7.dep -MT libmbfl/filters/mbfilter_utf7.lo
#12 3.050 /bin/sh /usr/src/php/ext/mbstring/libtool --tag=CC --mode=compile cc -I. -I/usr/src/php/ext/mbstring -I/usr/src/php/ext/mbstring/include -I/usr/src/php/ext/mbstring/main -I/usr/src/php/ext/mbstring -I/usr/local/include/php -I/usr/local/include/php/main -I/usr/local/include/php/TSRM -I/usr/local/include/php/Zend -I/usr/local/include/php/ext -I/usr/local/include/php/ext/date/lib -I/usr/src/php/ext/mbstring/libmbfl -I/usr/src/php/ext/mbstring/libmbfl/mbfl  -fstack-protector-strong -fpic -fpie -O2 -D_LARGEFILE_SOURCE -D_FILE_OFFSET_BITS=64 -DHAVE_CONFIG_H  -fstack-protector-strong -fpic -fpie -O2 -D_LARGEFILE_SOURCE -D_FILE_OFFSET_BITS=64 -D_GNU_SOURCE    -DONIG_ESCAPE_UCHAR_COLLISION=1 -DUChar=OnigUChar -DZEND_ENABLE_STATIC_TSRMLS_CACHE=1 -DZEND_COMPILE_DL_EXT=1 -c /usr/src/php/ext/mbstring/libmbfl/filters/mbfilter_utf7imap.c -o libmbfl/filters/mbfilter_utf7imap.lo  -MMD -MF libmbfl/filters/mbfilter_utf7imap.dep -MT libmbfl/filters/mbfilter_utf7imap.lo
#12 3.051  cc -I. -I/usr/src/php/ext/mbstring -I/usr/src/php/ext/mbstring/include -I/usr/src/php/ext/mbstring/main -I/usr/src/php/ext/mbstring -I/usr/local/include/php -I/usr/local/include/php/main -I/usr/local/include/php/TSRM -I/usr/local/include/php/Zend -I/usr/local/include/php/ext -I/usr/local/include/php/ext/date/lib -I/usr/src/php/ext/mbstring/libmbfl -I/usr/src/php/ext/mbstring/libmbfl/mbfl -fstack-protector-strong -fpic -fpie -O2 -D_LARGEFILE_SOURCE -D_FILE_OFFSET_BITS=64 -DHAVE_CONFIG_H -fstack-protector-strong -fpic -fpie -O2 -D_LARGEFILE_SOURCE -D_FILE_OFFSET_BITS=64 -D_GNU_SOURCE -DONIG_ESCAPE_UCHAR_COLLISION=1 -DUChar=OnigUChar -DZEND_ENABLE_STATIC_TSRMLS_CACHE=1 -DZEND_COMPILE_DL_EXT=1 -c /usr/src/php/ext/mbstring/libmbfl/filters/mbfilter_utf16.c -MMD -MF libmbfl/filters/mbfilter_utf16.dep -MT libmbfl/filters/mbfilter_utf16.lo  -fPIC -DPIC -o libmbfl/filters/.libs/mbfilter_utf16.o
#12 3.064 /bin/sh /usr/src/php/ext/mbstring/libtool --tag=CC --mode=compile cc -I. -I/usr/src/php/ext/mbstring -I/usr/src/php/ext/mbstring/include -I/usr/src/php/ext/mbstring/main -I/usr/src/php/ext/mbstring -I/usr/local/include/php -I/usr/local/include/php/main -I/usr/local/include/php/TSRM -I/usr/local/include/php/Zend -I/usr/local/include/php/ext -I/usr/local/include/php/ext/date/lib -I/usr/src/php/ext/mbstring/libmbfl -I/usr/src/php/ext/mbstring/libmbfl/mbfl  -fstack-protector-strong -fpic -fpie -O2 -D_LARGEFILE_SOURCE -D_FILE_OFFSET_BITS=64 -DHAVE_CONFIG_H  -fstack-protector-strong -fpic -fpie -O2 -D_LARGEFILE_SOURCE -D_FILE_OFFSET_BITS=64 -D_GNU_SOURCE    -DONIG_ESCAPE_UCHAR_COLLISION=1 -DUChar=OnigUChar -DZEND_ENABLE_STATIC_TSRMLS_CACHE=1 -DZEND_COMPILE_DL_EXT=1 -c /usr/src/php/ext/mbstring/libmbfl/filters/mbfilter_utf8.c -o libmbfl/filters/mbfilter_utf8.lo  -MMD -MF libmbfl/filters/mbfilter_utf8.dep -MT libmbfl/filters/mbfilter_utf8.lo
#12 3.071  cc -I. -I/usr/src/php/ext/mbstring -I/usr/src/php/ext/mbstring/include -I/usr/src/php/ext/mbstring/main -I/usr/src/php/ext/mbstring -I/usr/local/include/php -I/usr/local/include/php/main -I/usr/local/include/php/TSRM -I/usr/local/include/php/Zend -I/usr/local/include/php/ext -I/usr/local/include/php/ext/date/lib -I/usr/src/php/ext/mbstring/libmbfl -I/usr/src/php/ext/mbstring/libmbfl/mbfl -fstack-protector-strong -fpic -fpie -O2 -D_LARGEFILE_SOURCE -D_FILE_OFFSET_BITS=64 -DHAVE_CONFIG_H -fstack-protector-strong -fpic -fpie -O2 -D_LARGEFILE_SOURCE -D_FILE_OFFSET_BITS=64 -D_GNU_SOURCE -DONIG_ESCAPE_UCHAR_COLLISION=1 -DUChar=OnigUChar -DZEND_ENABLE_STATIC_TSRMLS_CACHE=1 -DZEND_COMPILE_DL_EXT=1 -c /usr/src/php/ext/mbstring/libmbfl/filters/mbfilter_utf32.c -MMD -MF libmbfl/filters/mbfilter_utf32.dep -MT libmbfl/filters/mbfilter_utf32.lo  -fPIC -DPIC -o libmbfl/filters/.libs/mbfilter_utf32.o
#12 3.101  cc -I. -I/usr/src/php/ext/mbstring -I/usr/src/php/ext/mbstring/include -I/usr/src/php/ext/mbstring/main -I/usr/src/php/ext/mbstring -I/usr/local/include/php -I/usr/local/include/php/main -I/usr/local/include/php/TSRM -I/usr/local/include/php/Zend -I/usr/local/include/php/ext -I/usr/local/include/php/ext/date/lib -I/usr/src/php/ext/mbstring/libmbfl -I/usr/src/php/ext/mbstring/libmbfl/mbfl -fstack-protector-strong -fpic -fpie -O2 -D_LARGEFILE_SOURCE -D_FILE_OFFSET_BITS=64 -DHAVE_CONFIG_H -fstack-protector-strong -fpic -fpie -O2 -D_LARGEFILE_SOURCE -D_FILE_OFFSET_BITS=64 -D_GNU_SOURCE -DONIG_ESCAPE_UCHAR_COLLISION=1 -DUChar=OnigUChar -DZEND_ENABLE_STATIC_TSRMLS_CACHE=1 -DZEND_COMPILE_DL_EXT=1 -c /usr/src/php/ext/mbstring/libmbfl/filters/mbfilter_utf7.c -MMD -MF libmbfl/filters/mbfilter_utf7.dep -MT libmbfl/filters/mbfilter_utf7.lo  -fPIC -DPIC -o libmbfl/filters/.libs/mbfilter_utf7.o
#12 3.126  cc -I. -I/usr/src/php/ext/mbstring -I/usr/src/php/ext/mbstring/include -I/usr/src/php/ext/mbstring/main -I/usr/src/php/ext/mbstring -I/usr/local/include/php -I/usr/local/include/php/main -I/usr/local/include/php/TSRM -I/usr/local/include/php/Zend -I/usr/local/include/php/ext -I/usr/local/include/php/ext/date/lib -I/usr/src/php/ext/mbstring/libmbfl -I/usr/src/php/ext/mbstring/libmbfl/mbfl -fstack-protector-strong -fpic -fpie -O2 -D_LARGEFILE_SOURCE -D_FILE_OFFSET_BITS=64 -DHAVE_CONFIG_H -fstack-protector-strong -fpic -fpie -O2 -D_LARGEFILE_SOURCE -D_FILE_OFFSET_BITS=64 -D_GNU_SOURCE -DONIG_ESCAPE_UCHAR_COLLISION=1 -DUChar=OnigUChar -DZEND_ENABLE_STATIC_TSRMLS_CACHE=1 -DZEND_COMPILE_DL_EXT=1 -c /usr/src/php/ext/mbstring/libmbfl/filters/mbfilter_utf7imap.c -MMD -MF libmbfl/filters/mbfilter_utf7imap.dep -MT libmbfl/filters/mbfilter_utf7imap.lo  -fPIC -DPIC -o libmbfl/filters/.libs/mbfilter_utf7imap.o
#12 3.129 /bin/sh /usr/src/php/ext/mbstring/libtool --tag=CC --mode=compile cc -I. -I/usr/src/php/ext/mbstring -I/usr/src/php/ext/mbstring/include -I/usr/src/php/ext/mbstring/main -I/usr/src/php/ext/mbstring -I/usr/local/include/php -I/usr/local/include/php/main -I/usr/local/include/php/TSRM -I/usr/local/include/php/Zend -I/usr/local/include/php/ext -I/usr/local/include/php/ext/date/lib -I/usr/src/php/ext/mbstring/libmbfl -I/usr/src/php/ext/mbstring/libmbfl/mbfl  -fstack-protector-strong -fpic -fpie -O2 -D_LARGEFILE_SOURCE -D_FILE_OFFSET_BITS=64 -DHAVE_CONFIG_H  -fstack-protector-strong -fpic -fpie -O2 -D_LARGEFILE_SOURCE -D_FILE_OFFSET_BITS=64 -D_GNU_SOURCE    -DONIG_ESCAPE_UCHAR_COLLISION=1 -DUChar=OnigUChar -DZEND_ENABLE_STATIC_TSRMLS_CACHE=1 -DZEND_COMPILE_DL_EXT=1 -c /usr/src/php/ext/mbstring/libmbfl/filters/mbfilter_utf8_mobile.c -o libmbfl/filters/mbfilter_utf8_mobile.lo  -MMD -MF libmbfl/filters/mbfilter_utf8_mobile.dep -MT libmbfl/filters/mbfilter_utf8_mobile.lo
#12 3.129  cc -I. -I/usr/src/php/ext/mbstring -I/usr/src/php/ext/mbstring/include -I/usr/src/php/ext/mbstring/main -I/usr/src/php/ext/mbstring -I/usr/local/include/php -I/usr/local/include/php/main -I/usr/local/include/php/TSRM -I/usr/local/include/php/Zend -I/usr/local/include/php/ext -I/usr/local/include/php/ext/date/lib -I/usr/src/php/ext/mbstring/libmbfl -I/usr/src/php/ext/mbstring/libmbfl/mbfl -fstack-protector-strong -fpic -fpie -O2 -D_LARGEFILE_SOURCE -D_FILE_OFFSET_BITS=64 -DHAVE_CONFIG_H -fstack-protector-strong -fpic -fpie -O2 -D_LARGEFILE_SOURCE -D_FILE_OFFSET_BITS=64 -D_GNU_SOURCE -DONIG_ESCAPE_UCHAR_COLLISION=1 -DUChar=OnigUChar -DZEND_ENABLE_STATIC_TSRMLS_CACHE=1 -DZEND_COMPILE_DL_EXT=1 -c /usr/src/php/ext/mbstring/libmbfl/filters/mbfilter_utf8.c -MMD -MF libmbfl/filters/mbfilter_utf8.dep -MT libmbfl/filters/mbfilter_utf8.lo  -fPIC -DPIC -o libmbfl/filters/.libs/mbfilter_utf8.o
#12 3.164 /bin/sh /usr/src/php/ext/mbstring/libtool --tag=CC --mode=compile cc -I. -I/usr/src/php/ext/mbstring -I/usr/src/php/ext/mbstring/include -I/usr/src/php/ext/mbstring/main -I/usr/src/php/ext/mbstring -I/usr/local/include/php -I/usr/local/include/php/main -I/usr/local/include/php/TSRM -I/usr/local/include/php/Zend -I/usr/local/include/php/ext -I/usr/local/include/php/ext/date/lib -I/usr/src/php/ext/mbstring/libmbfl -I/usr/src/php/ext/mbstring/libmbfl/mbfl  -fstack-protector-strong -fpic -fpie -O2 -D_LARGEFILE_SOURCE -D_FILE_OFFSET_BITS=64 -DHAVE_CONFIG_H  -fstack-protector-strong -fpic -fpie -O2 -D_LARGEFILE_SOURCE -D_FILE_OFFSET_BITS=64 -D_GNU_SOURCE    -DONIG_ESCAPE_UCHAR_COLLISION=1 -DUChar=OnigUChar -DZEND_ENABLE_STATIC_TSRMLS_CACHE=1 -DZEND_COMPILE_DL_EXT=1 -c /usr/src/php/ext/mbstring/libmbfl/filters/mbfilter_uuencode.c -o libmbfl/filters/mbfilter_uuencode.lo  -MMD -MF libmbfl/filters/mbfilter_uuencode.dep -MT libmbfl/filters/mbfilter_uuencode.lo
#12 3.191  cc -I. -I/usr/src/php/ext/mbstring -I/usr/src/php/ext/mbstring/include -I/usr/src/php/ext/mbstring/main -I/usr/src/php/ext/mbstring -I/usr/local/include/php -I/usr/local/include/php/main -I/usr/local/include/php/TSRM -I/usr/local/include/php/Zend -I/usr/local/include/php/ext -I/usr/local/include/php/ext/date/lib -I/usr/src/php/ext/mbstring/libmbfl -I/usr/src/php/ext/mbstring/libmbfl/mbfl -fstack-protector-strong -fpic -fpie -O2 -D_LARGEFILE_SOURCE -D_FILE_OFFSET_BITS=64 -DHAVE_CONFIG_H -fstack-protector-strong -fpic -fpie -O2 -D_LARGEFILE_SOURCE -D_FILE_OFFSET_BITS=64 -D_GNU_SOURCE -DONIG_ESCAPE_UCHAR_COLLISION=1 -DUChar=OnigUChar -DZEND_ENABLE_STATIC_TSRMLS_CACHE=1 -DZEND_COMPILE_DL_EXT=1 -c /usr/src/php/ext/mbstring/libmbfl/filters/mbfilter_utf8_mobile.c -MMD -MF libmbfl/filters/mbfilter_utf8_mobile.dep -MT libmbfl/filters/mbfilter_utf8_mobile.lo  -fPIC -DPIC -o libmbfl/filters/.libs/mbfilter_utf8_mobile.o
#12 3.199  cc -I. -I/usr/src/php/ext/mbstring -I/usr/src/php/ext/mbstring/include -I/usr/src/php/ext/mbstring/main -I/usr/src/php/ext/mbstring -I/usr/local/include/php -I/usr/local/include/php/main -I/usr/local/include/php/TSRM -I/usr/local/include/php/Zend -I/usr/local/include/php/ext -I/usr/local/include/php/ext/date/lib -I/usr/src/php/ext/mbstring/libmbfl -I/usr/src/php/ext/mbstring/libmbfl/mbfl -fstack-protector-strong -fpic -fpie -O2 -D_LARGEFILE_SOURCE -D_FILE_OFFSET_BITS=64 -DHAVE_CONFIG_H -fstack-protector-strong -fpic -fpie -O2 -D_LARGEFILE_SOURCE -D_FILE_OFFSET_BITS=64 -D_GNU_SOURCE -DONIG_ESCAPE_UCHAR_COLLISION=1 -DUChar=OnigUChar -DZEND_ENABLE_STATIC_TSRMLS_CACHE=1 -DZEND_COMPILE_DL_EXT=1 -c /usr/src/php/ext/mbstring/libmbfl/filters/mbfilter_uuencode.c -MMD -MF libmbfl/filters/mbfilter_uuencode.dep -MT libmbfl/filters/mbfilter_uuencode.lo  -fPIC -DPIC -o libmbfl/filters/.libs/mbfilter_uuencode.o
#12 3.385 /bin/sh /usr/src/php/ext/mbstring/libtool --tag=CC --mode=compile cc -I. -I/usr/src/php/ext/mbstring -I/usr/src/php/ext/mbstring/include -I/usr/src/php/ext/mbstring/main -I/usr/src/php/ext/mbstring -I/usr/local/include/php -I/usr/local/include/php/main -I/usr/local/include/php/TSRM -I/usr/local/include/php/Zend -I/usr/local/include/php/ext -I/usr/local/include/php/ext/date/lib -I/usr/src/php/ext/mbstring/libmbfl -I/usr/src/php/ext/mbstring/libmbfl/mbfl  -fstack-protector-strong -fpic -fpie -O2 -D_LARGEFILE_SOURCE -D_FILE_OFFSET_BITS=64 -DHAVE_CONFIG_H  -fstack-protector-strong -fpic -fpie -O2 -D_LARGEFILE_SOURCE -D_FILE_OFFSET_BITS=64 -D_GNU_SOURCE    -DONIG_ESCAPE_UCHAR_COLLISION=1 -DUChar=OnigUChar -DZEND_ENABLE_STATIC_TSRMLS_CACHE=1 -DZEND_COMPILE_DL_EXT=1 -c /usr/src/php/ext/mbstring/libmbfl/mbfl/mbfilter.c -o libmbfl/mbfl/mbfilter.lo  -MMD -MF libmbfl/mbfl/mbfilter.dep -MT libmbfl/mbfl/mbfilter.lo
#12 3.410 /bin/sh /usr/src/php/ext/mbstring/libtool --tag=CC --mode=compile cc -I. -I/usr/src/php/ext/mbstring -I/usr/src/php/ext/mbstring/include -I/usr/src/php/ext/mbstring/main -I/usr/src/php/ext/mbstring -I/usr/local/include/php -I/usr/local/include/php/main -I/usr/local/include/php/TSRM -I/usr/local/include/php/Zend -I/usr/local/include/php/ext -I/usr/local/include/php/ext/date/lib -I/usr/src/php/ext/mbstring/libmbfl -I/usr/src/php/ext/mbstring/libmbfl/mbfl  -fstack-protector-strong -fpic -fpie -O2 -D_LARGEFILE_SOURCE -D_FILE_OFFSET_BITS=64 -DHAVE_CONFIG_H  -fstack-protector-strong -fpic -fpie -O2 -D_LARGEFILE_SOURCE -D_FILE_OFFSET_BITS=64 -D_GNU_SOURCE    -DONIG_ESCAPE_UCHAR_COLLISION=1 -DUChar=OnigUChar -DZEND_ENABLE_STATIC_TSRMLS_CACHE=1 -DZEND_COMPILE_DL_EXT=1 -c /usr/src/php/ext/mbstring/libmbfl/mbfl/mbfilter_8bit.c -o libmbfl/mbfl/mbfilter_8bit.lo  -MMD -MF libmbfl/mbfl/mbfilter_8bit.dep -MT libmbfl/mbfl/mbfilter_8bit.lo
#12 3.445 mkdir libmbfl/mbfl/.libs
#12 3.447  cc -I. -I/usr/src/php/ext/mbstring -I/usr/src/php/ext/mbstring/include -I/usr/src/php/ext/mbstring/main -I/usr/src/php/ext/mbstring -I/usr/local/include/php -I/usr/local/include/php/main -I/usr/local/include/php/TSRM -I/usr/local/include/php/Zend -I/usr/local/include/php/ext -I/usr/local/include/php/ext/date/lib -I/usr/src/php/ext/mbstring/libmbfl -I/usr/src/php/ext/mbstring/libmbfl/mbfl -fstack-protector-strong -fpic -fpie -O2 -D_LARGEFILE_SOURCE -D_FILE_OFFSET_BITS=64 -DHAVE_CONFIG_H -fstack-protector-strong -fpic -fpie -O2 -D_LARGEFILE_SOURCE -D_FILE_OFFSET_BITS=64 -D_GNU_SOURCE -DONIG_ESCAPE_UCHAR_COLLISION=1 -DUChar=OnigUChar -DZEND_ENABLE_STATIC_TSRMLS_CACHE=1 -DZEND_COMPILE_DL_EXT=1 -c /usr/src/php/ext/mbstring/libmbfl/mbfl/mbfilter.c -MMD -MF libmbfl/mbfl/mbfilter.dep -MT libmbfl/mbfl/mbfilter.lo  -fPIC -DPIC -o libmbfl/mbfl/.libs/mbfilter.o
#12 3.463  cc -I. -I/usr/src/php/ext/mbstring -I/usr/src/php/ext/mbstring/include -I/usr/src/php/ext/mbstring/main -I/usr/src/php/ext/mbstring -I/usr/local/include/php -I/usr/local/include/php/main -I/usr/local/include/php/TSRM -I/usr/local/include/php/Zend -I/usr/local/include/php/ext -I/usr/local/include/php/ext/date/lib -I/usr/src/php/ext/mbstring/libmbfl -I/usr/src/php/ext/mbstring/libmbfl/mbfl -fstack-protector-strong -fpic -fpie -O2 -D_LARGEFILE_SOURCE -D_FILE_OFFSET_BITS=64 -DHAVE_CONFIG_H -fstack-protector-strong -fpic -fpie -O2 -D_LARGEFILE_SOURCE -D_FILE_OFFSET_BITS=64 -D_GNU_SOURCE -DONIG_ESCAPE_UCHAR_COLLISION=1 -DUChar=OnigUChar -DZEND_ENABLE_STATIC_TSRMLS_CACHE=1 -DZEND_COMPILE_DL_EXT=1 -c /usr/src/php/ext/mbstring/libmbfl/mbfl/mbfilter_8bit.c -MMD -MF libmbfl/mbfl/mbfilter_8bit.dep -MT libmbfl/mbfl/mbfilter_8bit.lo  -fPIC -DPIC -o libmbfl/mbfl/.libs/mbfilter_8bit.o
#12 3.492 /bin/sh /usr/src/php/ext/mbstring/libtool --tag=CC --mode=compile cc -I. -I/usr/src/php/ext/mbstring -I/usr/src/php/ext/mbstring/include -I/usr/src/php/ext/mbstring/main -I/usr/src/php/ext/mbstring -I/usr/local/include/php -I/usr/local/include/php/main -I/usr/local/include/php/TSRM -I/usr/local/include/php/Zend -I/usr/local/include/php/ext -I/usr/local/include/php/ext/date/lib -I/usr/src/php/ext/mbstring/libmbfl -I/usr/src/php/ext/mbstring/libmbfl/mbfl  -fstack-protector-strong -fpic -fpie -O2 -D_LARGEFILE_SOURCE -D_FILE_OFFSET_BITS=64 -DHAVE_CONFIG_H  -fstack-protector-strong -fpic -fpie -O2 -D_LARGEFILE_SOURCE -D_FILE_OFFSET_BITS=64 -D_GNU_SOURCE    -DONIG_ESCAPE_UCHAR_COLLISION=1 -DUChar=OnigUChar -DZEND_ENABLE_STATIC_TSRMLS_CACHE=1 -DZEND_COMPILE_DL_EXT=1 -c /usr/src/php/ext/mbstring/libmbfl/mbfl/mbfilter_pass.c -o libmbfl/mbfl/mbfilter_pass.lo  -MMD -MF libmbfl/mbfl/mbfilter_pass.dep -MT libmbfl/mbfl/mbfilter_pass.lo
#12 3.515 /bin/sh /usr/src/php/ext/mbstring/libtool --tag=CC --mode=compile cc -I. -I/usr/src/php/ext/mbstring -I/usr/src/php/ext/mbstring/include -I/usr/src/php/ext/mbstring/main -I/usr/src/php/ext/mbstring -I/usr/local/include/php -I/usr/local/include/php/main -I/usr/local/include/php/TSRM -I/usr/local/include/php/Zend -I/usr/local/include/php/ext -I/usr/local/include/php/ext/date/lib -I/usr/src/php/ext/mbstring/libmbfl -I/usr/src/php/ext/mbstring/libmbfl/mbfl  -fstack-protector-strong -fpic -fpie -O2 -D_LARGEFILE_SOURCE -D_FILE_OFFSET_BITS=64 -DHAVE_CONFIG_H  -fstack-protector-strong -fpic -fpie -O2 -D_LARGEFILE_SOURCE -D_FILE_OFFSET_BITS=64 -D_GNU_SOURCE    -DONIG_ESCAPE_UCHAR_COLLISION=1 -DUChar=OnigUChar -DZEND_ENABLE_STATIC_TSRMLS_CACHE=1 -DZEND_COMPILE_DL_EXT=1 -c /usr/src/php/ext/mbstring/libmbfl/mbfl/mbfilter_wchar.c -o libmbfl/mbfl/mbfilter_wchar.lo  -MMD -MF libmbfl/mbfl/mbfilter_wchar.dep -MT libmbfl/mbfl/mbfilter_wchar.lo
#12 3.516 /bin/sh /usr/src/php/ext/mbstring/libtool --tag=CC --mode=compile cc -I. -I/usr/src/php/ext/mbstring -I/usr/src/php/ext/mbstring/include -I/usr/src/php/ext/mbstring/main -I/usr/src/php/ext/mbstring -I/usr/local/include/php -I/usr/local/include/php/main -I/usr/local/include/php/TSRM -I/usr/local/include/php/Zend -I/usr/local/include/php/ext -I/usr/local/include/php/ext/date/lib -I/usr/src/php/ext/mbstring/libmbfl -I/usr/src/php/ext/mbstring/libmbfl/mbfl  -fstack-protector-strong -fpic -fpie -O2 -D_LARGEFILE_SOURCE -D_FILE_OFFSET_BITS=64 -DHAVE_CONFIG_H  -fstack-protector-strong -fpic -fpie -O2 -D_LARGEFILE_SOURCE -D_FILE_OFFSET_BITS=64 -D_GNU_SOURCE    -DONIG_ESCAPE_UCHAR_COLLISION=1 -DUChar=OnigUChar -DZEND_ENABLE_STATIC_TSRMLS_CACHE=1 -DZEND_COMPILE_DL_EXT=1 -c /usr/src/php/ext/mbstring/libmbfl/mbfl/mbfl_convert.c -o libmbfl/mbfl/mbfl_convert.lo  -MMD -MF libmbfl/mbfl/mbfl_convert.dep -MT libmbfl/mbfl/mbfl_convert.lo
#12 3.553  cc -I. -I/usr/src/php/ext/mbstring -I/usr/src/php/ext/mbstring/include -I/usr/src/php/ext/mbstring/main -I/usr/src/php/ext/mbstring -I/usr/local/include/php -I/usr/local/include/php/main -I/usr/local/include/php/TSRM -I/usr/local/include/php/Zend -I/usr/local/include/php/ext -I/usr/local/include/php/ext/date/lib -I/usr/src/php/ext/mbstring/libmbfl -I/usr/src/php/ext/mbstring/libmbfl/mbfl -fstack-protector-strong -fpic -fpie -O2 -D_LARGEFILE_SOURCE -D_FILE_OFFSET_BITS=64 -DHAVE_CONFIG_H -fstack-protector-strong -fpic -fpie -O2 -D_LARGEFILE_SOURCE -D_FILE_OFFSET_BITS=64 -D_GNU_SOURCE -DONIG_ESCAPE_UCHAR_COLLISION=1 -DUChar=OnigUChar -DZEND_ENABLE_STATIC_TSRMLS_CACHE=1 -DZEND_COMPILE_DL_EXT=1 -c /usr/src/php/ext/mbstring/libmbfl/mbfl/mbfilter_pass.c -MMD -MF libmbfl/mbfl/mbfilter_pass.dep -MT libmbfl/mbfl/mbfilter_pass.lo  -fPIC -DPIC -o libmbfl/mbfl/.libs/mbfilter_pass.o
#12 3.556  cc -I. -I/usr/src/php/ext/mbstring -I/usr/src/php/ext/mbstring/include -I/usr/src/php/ext/mbstring/main -I/usr/src/php/ext/mbstring -I/usr/local/include/php -I/usr/local/include/php/main -I/usr/local/include/php/TSRM -I/usr/local/include/php/Zend -I/usr/local/include/php/ext -I/usr/local/include/php/ext/date/lib -I/usr/src/php/ext/mbstring/libmbfl -I/usr/src/php/ext/mbstring/libmbfl/mbfl -fstack-protector-strong -fpic -fpie -O2 -D_LARGEFILE_SOURCE -D_FILE_OFFSET_BITS=64 -DHAVE_CONFIG_H -fstack-protector-strong -fpic -fpie -O2 -D_LARGEFILE_SOURCE -D_FILE_OFFSET_BITS=64 -D_GNU_SOURCE -DONIG_ESCAPE_UCHAR_COLLISION=1 -DUChar=OnigUChar -DZEND_ENABLE_STATIC_TSRMLS_CACHE=1 -DZEND_COMPILE_DL_EXT=1 -c /usr/src/php/ext/mbstring/libmbfl/mbfl/mbfilter_wchar.c -MMD -MF libmbfl/mbfl/mbfilter_wchar.dep -MT libmbfl/mbfl/mbfilter_wchar.lo  -fPIC -DPIC -o libmbfl/mbfl/.libs/mbfilter_wchar.o
#12 3.560  cc -I. -I/usr/src/php/ext/mbstring -I/usr/src/php/ext/mbstring/include -I/usr/src/php/ext/mbstring/main -I/usr/src/php/ext/mbstring -I/usr/local/include/php -I/usr/local/include/php/main -I/usr/local/include/php/TSRM -I/usr/local/include/php/Zend -I/usr/local/include/php/ext -I/usr/local/include/php/ext/date/lib -I/usr/src/php/ext/mbstring/libmbfl -I/usr/src/php/ext/mbstring/libmbfl/mbfl -fstack-protector-strong -fpic -fpie -O2 -D_LARGEFILE_SOURCE -D_FILE_OFFSET_BITS=64 -DHAVE_CONFIG_H -fstack-protector-strong -fpic -fpie -O2 -D_LARGEFILE_SOURCE -D_FILE_OFFSET_BITS=64 -D_GNU_SOURCE -DONIG_ESCAPE_UCHAR_COLLISION=1 -DUChar=OnigUChar -DZEND_ENABLE_STATIC_TSRMLS_CACHE=1 -DZEND_COMPILE_DL_EXT=1 -c /usr/src/php/ext/mbstring/libmbfl/mbfl/mbfl_convert.c -MMD -MF libmbfl/mbfl/mbfl_convert.dep -MT libmbfl/mbfl/mbfl_convert.lo  -fPIC -DPIC -o libmbfl/mbfl/.libs/mbfl_convert.o
#12 3.604 /bin/sh /usr/src/php/ext/mbstring/libtool --tag=CC --mode=compile cc -I. -I/usr/src/php/ext/mbstring -I/usr/src/php/ext/mbstring/include -I/usr/src/php/ext/mbstring/main -I/usr/src/php/ext/mbstring -I/usr/local/include/php -I/usr/local/include/php/main -I/usr/local/include/php/TSRM -I/usr/local/include/php/Zend -I/usr/local/include/php/ext -I/usr/local/include/php/ext/date/lib -I/usr/src/php/ext/mbstring/libmbfl -I/usr/src/php/ext/mbstring/libmbfl/mbfl  -fstack-protector-strong -fpic -fpie -O2 -D_LARGEFILE_SOURCE -D_FILE_OFFSET_BITS=64 -DHAVE_CONFIG_H  -fstack-protector-strong -fpic -fpie -O2 -D_LARGEFILE_SOURCE -D_FILE_OFFSET_BITS=64 -D_GNU_SOURCE    -DONIG_ESCAPE_UCHAR_COLLISION=1 -DUChar=OnigUChar -DZEND_ENABLE_STATIC_TSRMLS_CACHE=1 -DZEND_COMPILE_DL_EXT=1 -c /usr/src/php/ext/mbstring/libmbfl/mbfl/mbfl_encoding.c -o libmbfl/mbfl/mbfl_encoding.lo  -MMD -MF libmbfl/mbfl/mbfl_encoding.dep -MT libmbfl/mbfl/mbfl_encoding.lo
#12 3.650  cc -I. -I/usr/src/php/ext/mbstring -I/usr/src/php/ext/mbstring/include -I/usr/src/php/ext/mbstring/main -I/usr/src/php/ext/mbstring -I/usr/local/include/php -I/usr/local/include/php/main -I/usr/local/include/php/TSRM -I/usr/local/include/php/Zend -I/usr/local/include/php/ext -I/usr/local/include/php/ext/date/lib -I/usr/src/php/ext/mbstring/libmbfl -I/usr/src/php/ext/mbstring/libmbfl/mbfl -fstack-protector-strong -fpic -fpie -O2 -D_LARGEFILE_SOURCE -D_FILE_OFFSET_BITS=64 -DHAVE_CONFIG_H -fstack-protector-strong -fpic -fpie -O2 -D_LARGEFILE_SOURCE -D_FILE_OFFSET_BITS=64 -D_GNU_SOURCE -DONIG_ESCAPE_UCHAR_COLLISION=1 -DUChar=OnigUChar -DZEND_ENABLE_STATIC_TSRMLS_CACHE=1 -DZEND_COMPILE_DL_EXT=1 -c /usr/src/php/ext/mbstring/libmbfl/mbfl/mbfl_encoding.c -MMD -MF libmbfl/mbfl/mbfl_encoding.dep -MT libmbfl/mbfl/mbfl_encoding.lo  -fPIC -DPIC -o libmbfl/mbfl/.libs/mbfl_encoding.o
#12 3.675 /bin/sh /usr/src/php/ext/mbstring/libtool --tag=CC --mode=compile cc -I. -I/usr/src/php/ext/mbstring -I/usr/src/php/ext/mbstring/include -I/usr/src/php/ext/mbstring/main -I/usr/src/php/ext/mbstring -I/usr/local/include/php -I/usr/local/include/php/main -I/usr/local/include/php/TSRM -I/usr/local/include/php/Zend -I/usr/local/include/php/ext -I/usr/local/include/php/ext/date/lib -I/usr/src/php/ext/mbstring/libmbfl -I/usr/src/php/ext/mbstring/libmbfl/mbfl  -fstack-protector-strong -fpic -fpie -O2 -D_LARGEFILE_SOURCE -D_FILE_OFFSET_BITS=64 -DHAVE_CONFIG_H  -fstack-protector-strong -fpic -fpie -O2 -D_LARGEFILE_SOURCE -D_FILE_OFFSET_BITS=64 -D_GNU_SOURCE    -DONIG_ESCAPE_UCHAR_COLLISION=1 -DUChar=OnigUChar -DZEND_ENABLE_STATIC_TSRMLS_CACHE=1 -DZEND_COMPILE_DL_EXT=1 -c /usr/src/php/ext/mbstring/libmbfl/mbfl/mbfl_filter_output.c -o libmbfl/mbfl/mbfl_filter_output.lo  -MMD -MF libmbfl/mbfl/mbfl_filter_output.dep -MT libmbfl/mbfl/mbfl_filter_output.lo
#12 3.720 /bin/sh /usr/src/php/ext/mbstring/libtool --tag=CC --mode=compile cc -I. -I/usr/src/php/ext/mbstring -I/usr/src/php/ext/mbstring/include -I/usr/src/php/ext/mbstring/main -I/usr/src/php/ext/mbstring -I/usr/local/include/php -I/usr/local/include/php/main -I/usr/local/include/php/TSRM -I/usr/local/include/php/Zend -I/usr/local/include/php/ext -I/usr/local/include/php/ext/date/lib -I/usr/src/php/ext/mbstring/libmbfl -I/usr/src/php/ext/mbstring/libmbfl/mbfl  -fstack-protector-strong -fpic -fpie -O2 -D_LARGEFILE_SOURCE -D_FILE_OFFSET_BITS=64 -DHAVE_CONFIG_H  -fstack-protector-strong -fpic -fpie -O2 -D_LARGEFILE_SOURCE -D_FILE_OFFSET_BITS=64 -D_GNU_SOURCE    -DONIG_ESCAPE_UCHAR_COLLISION=1 -DUChar=OnigUChar -DZEND_ENABLE_STATIC_TSRMLS_CACHE=1 -DZEND_COMPILE_DL_EXT=1 -c /usr/src/php/ext/mbstring/libmbfl/mbfl/mbfl_language.c -o libmbfl/mbfl/mbfl_language.lo  -MMD -MF libmbfl/mbfl/mbfl_language.dep -MT libmbfl/mbfl/mbfl_language.lo
#12 3.723  cc -I. -I/usr/src/php/ext/mbstring -I/usr/src/php/ext/mbstring/include -I/usr/src/php/ext/mbstring/main -I/usr/src/php/ext/mbstring -I/usr/local/include/php -I/usr/local/include/php/main -I/usr/local/include/php/TSRM -I/usr/local/include/php/Zend -I/usr/local/include/php/ext -I/usr/local/include/php/ext/date/lib -I/usr/src/php/ext/mbstring/libmbfl -I/usr/src/php/ext/mbstring/libmbfl/mbfl -fstack-protector-strong -fpic -fpie -O2 -D_LARGEFILE_SOURCE -D_FILE_OFFSET_BITS=64 -DHAVE_CONFIG_H -fstack-protector-strong -fpic -fpie -O2 -D_LARGEFILE_SOURCE -D_FILE_OFFSET_BITS=64 -D_GNU_SOURCE -DONIG_ESCAPE_UCHAR_COLLISION=1 -DUChar=OnigUChar -DZEND_ENABLE_STATIC_TSRMLS_CACHE=1 -DZEND_COMPILE_DL_EXT=1 -c /usr/src/php/ext/mbstring/libmbfl/mbfl/mbfl_filter_output.c -MMD -MF libmbfl/mbfl/mbfl_filter_output.dep -MT libmbfl/mbfl/mbfl_filter_output.lo  -fPIC -DPIC -o libmbfl/mbfl/.libs/mbfl_filter_output.o
#12 3.741 /bin/sh /usr/src/php/ext/mbstring/libtool --tag=CC --mode=compile cc -I. -I/usr/src/php/ext/mbstring -I/usr/src/php/ext/mbstring/include -I/usr/src/php/ext/mbstring/main -I/usr/src/php/ext/mbstring -I/usr/local/include/php -I/usr/local/include/php/main -I/usr/local/include/php/TSRM -I/usr/local/include/php/Zend -I/usr/local/include/php/ext -I/usr/local/include/php/ext/date/lib -I/usr/src/php/ext/mbstring/libmbfl -I/usr/src/php/ext/mbstring/libmbfl/mbfl  -fstack-protector-strong -fpic -fpie -O2 -D_LARGEFILE_SOURCE -D_FILE_OFFSET_BITS=64 -DHAVE_CONFIG_H  -fstack-protector-strong -fpic -fpie -O2 -D_LARGEFILE_SOURCE -D_FILE_OFFSET_BITS=64 -D_GNU_SOURCE    -DONIG_ESCAPE_UCHAR_COLLISION=1 -DUChar=OnigUChar -DZEND_ENABLE_STATIC_TSRMLS_CACHE=1 -DZEND_COMPILE_DL_EXT=1 -c /usr/src/php/ext/mbstring/libmbfl/mbfl/mbfl_memory_device.c -o libmbfl/mbfl/mbfl_memory_device.lo  -MMD -MF libmbfl/mbfl/mbfl_memory_device.dep -MT libmbfl/mbfl/mbfl_memory_device.lo
#12 3.750 /bin/sh /usr/src/php/ext/mbstring/libtool --tag=CC --mode=compile cc -I. -I/usr/src/php/ext/mbstring -I/usr/src/php/ext/mbstring/include -I/usr/src/php/ext/mbstring/main -I/usr/src/php/ext/mbstring -I/usr/local/include/php -I/usr/local/include/php/main -I/usr/local/include/php/TSRM -I/usr/local/include/php/Zend -I/usr/local/include/php/ext -I/usr/local/include/php/ext/date/lib -I/usr/src/php/ext/mbstring/libmbfl -I/usr/src/php/ext/mbstring/libmbfl/mbfl  -fstack-protector-strong -fpic -fpie -O2 -D_LARGEFILE_SOURCE -D_FILE_OFFSET_BITS=64 -DHAVE_CONFIG_H  -fstack-protector-strong -fpic -fpie -O2 -D_LARGEFILE_SOURCE -D_FILE_OFFSET_BITS=64 -D_GNU_SOURCE    -DONIG_ESCAPE_UCHAR_COLLISION=1 -DUChar=OnigUChar -DZEND_ENABLE_STATIC_TSRMLS_CACHE=1 -DZEND_COMPILE_DL_EXT=1 -c /usr/src/php/ext/mbstring/libmbfl/mbfl/mbfl_string.c -o libmbfl/mbfl/mbfl_string.lo  -MMD -MF libmbfl/mbfl/mbfl_string.dep -MT libmbfl/mbfl/mbfl_string.lo
#12 3.771 /bin/sh /usr/src/php/ext/mbstring/libtool --tag=CC --mode=compile cc -I. -I/usr/src/php/ext/mbstring -I/usr/src/php/ext/mbstring/include -I/usr/src/php/ext/mbstring/main -I/usr/src/php/ext/mbstring -I/usr/local/include/php -I/usr/local/include/php/main -I/usr/local/include/php/TSRM -I/usr/local/include/php/Zend -I/usr/local/include/php/ext -I/usr/local/include/php/ext/date/lib -I/usr/src/php/ext/mbstring/libmbfl -I/usr/src/php/ext/mbstring/libmbfl/mbfl  -fstack-protector-strong -fpic -fpie -O2 -D_LARGEFILE_SOURCE -D_FILE_OFFSET_BITS=64 -DHAVE_CONFIG_H  -fstack-protector-strong -fpic -fpie -O2 -D_LARGEFILE_SOURCE -D_FILE_OFFSET_BITS=64 -D_GNU_SOURCE    -DONIG_ESCAPE_UCHAR_COLLISION=1 -DUChar=OnigUChar -DZEND_ENABLE_STATIC_TSRMLS_CACHE=1 -DZEND_COMPILE_DL_EXT=1 -c /usr/src/php/ext/mbstring/libmbfl/nls/nls_de.c -o libmbfl/nls/nls_de.lo  -MMD -MF libmbfl/nls/nls_de.dep -MT libmbfl/nls/nls_de.lo
#12 3.795  cc -I. -I/usr/src/php/ext/mbstring -I/usr/src/php/ext/mbstring/include -I/usr/src/php/ext/mbstring/main -I/usr/src/php/ext/mbstring -I/usr/local/include/php -I/usr/local/include/php/main -I/usr/local/include/php/TSRM -I/usr/local/include/php/Zend -I/usr/local/include/php/ext -I/usr/local/include/php/ext/date/lib -I/usr/src/php/ext/mbstring/libmbfl -I/usr/src/php/ext/mbstring/libmbfl/mbfl -fstack-protector-strong -fpic -fpie -O2 -D_LARGEFILE_SOURCE -D_FILE_OFFSET_BITS=64 -DHAVE_CONFIG_H -fstack-protector-strong -fpic -fpie -O2 -D_LARGEFILE_SOURCE -D_FILE_OFFSET_BITS=64 -D_GNU_SOURCE -DONIG_ESCAPE_UCHAR_COLLISION=1 -DUChar=OnigUChar -DZEND_ENABLE_STATIC_TSRMLS_CACHE=1 -DZEND_COMPILE_DL_EXT=1 -c /usr/src/php/ext/mbstring/libmbfl/mbfl/mbfl_language.c -MMD -MF libmbfl/mbfl/mbfl_language.dep -MT libmbfl/mbfl/mbfl_language.lo  -fPIC -DPIC -o libmbfl/mbfl/.libs/mbfl_language.o
#12 3.819  cc -I. -I/usr/src/php/ext/mbstring -I/usr/src/php/ext/mbstring/include -I/usr/src/php/ext/mbstring/main -I/usr/src/php/ext/mbstring -I/usr/local/include/php -I/usr/local/include/php/main -I/usr/local/include/php/TSRM -I/usr/local/include/php/Zend -I/usr/local/include/php/ext -I/usr/local/include/php/ext/date/lib -I/usr/src/php/ext/mbstring/libmbfl -I/usr/src/php/ext/mbstring/libmbfl/mbfl -fstack-protector-strong -fpic -fpie -O2 -D_LARGEFILE_SOURCE -D_FILE_OFFSET_BITS=64 -DHAVE_CONFIG_H -fstack-protector-strong -fpic -fpie -O2 -D_LARGEFILE_SOURCE -D_FILE_OFFSET_BITS=64 -D_GNU_SOURCE -DONIG_ESCAPE_UCHAR_COLLISION=1 -DUChar=OnigUChar -DZEND_ENABLE_STATIC_TSRMLS_CACHE=1 -DZEND_COMPILE_DL_EXT=1 -c /usr/src/php/ext/mbstring/libmbfl/mbfl/mbfl_memory_device.c -MMD -MF libmbfl/mbfl/mbfl_memory_device.dep -MT libmbfl/mbfl/mbfl_memory_device.lo  -fPIC -DPIC -o libmbfl/mbfl/.libs/mbfl_memory_device.o
#12 3.820 /bin/sh /usr/src/php/ext/mbstring/libtool --tag=CC --mode=compile cc -I. -I/usr/src/php/ext/mbstring -I/usr/src/php/ext/mbstring/include -I/usr/src/php/ext/mbstring/main -I/usr/src/php/ext/mbstring -I/usr/local/include/php -I/usr/local/include/php/main -I/usr/local/include/php/TSRM -I/usr/local/include/php/Zend -I/usr/local/include/php/ext -I/usr/local/include/php/ext/date/lib -I/usr/src/php/ext/mbstring/libmbfl -I/usr/src/php/ext/mbstring/libmbfl/mbfl  -fstack-protector-strong -fpic -fpie -O2 -D_LARGEFILE_SOURCE -D_FILE_OFFSET_BITS=64 -DHAVE_CONFIG_H  -fstack-protector-strong -fpic -fpie -O2 -D_LARGEFILE_SOURCE -D_FILE_OFFSET_BITS=64 -D_GNU_SOURCE    -DONIG_ESCAPE_UCHAR_COLLISION=1 -DUChar=OnigUChar -DZEND_ENABLE_STATIC_TSRMLS_CACHE=1 -DZEND_COMPILE_DL_EXT=1 -c /usr/src/php/ext/mbstring/libmbfl/nls/nls_en.c -o libmbfl/nls/nls_en.lo  -MMD -MF libmbfl/nls/nls_en.dep -MT libmbfl/nls/nls_en.lo
#12 3.830 /bin/sh /usr/src/php/ext/mbstring/libtool --tag=CC --mode=compile cc -I. -I/usr/src/php/ext/mbstring -I/usr/src/php/ext/mbstring/include -I/usr/src/php/ext/mbstring/main -I/usr/src/php/ext/mbstring -I/usr/local/include/php -I/usr/local/include/php/main -I/usr/local/include/php/TSRM -I/usr/local/include/php/Zend -I/usr/local/include/php/ext -I/usr/local/include/php/ext/date/lib -I/usr/src/php/ext/mbstring/libmbfl -I/usr/src/php/ext/mbstring/libmbfl/mbfl  -fstack-protector-strong -fpic -fpie -O2 -D_LARGEFILE_SOURCE -D_FILE_OFFSET_BITS=64 -DHAVE_CONFIG_H  -fstack-protector-strong -fpic -fpie -O2 -D_LARGEFILE_SOURCE -D_FILE_OFFSET_BITS=64 -D_GNU_SOURCE    -DONIG_ESCAPE_UCHAR_COLLISION=1 -DUChar=OnigUChar -DZEND_ENABLE_STATIC_TSRMLS_CACHE=1 -DZEND_COMPILE_DL_EXT=1 -c /usr/src/php/ext/mbstring/libmbfl/nls/nls_ja.c -o libmbfl/nls/nls_ja.lo  -MMD -MF libmbfl/nls/nls_ja.dep -MT libmbfl/nls/nls_ja.lo
#12 3.831  cc -I. -I/usr/src/php/ext/mbstring -I/usr/src/php/ext/mbstring/include -I/usr/src/php/ext/mbstring/main -I/usr/src/php/ext/mbstring -I/usr/local/include/php -I/usr/local/include/php/main -I/usr/local/include/php/TSRM -I/usr/local/include/php/Zend -I/usr/local/include/php/ext -I/usr/local/include/php/ext/date/lib -I/usr/src/php/ext/mbstring/libmbfl -I/usr/src/php/ext/mbstring/libmbfl/mbfl -fstack-protector-strong -fpic -fpie -O2 -D_LARGEFILE_SOURCE -D_FILE_OFFSET_BITS=64 -DHAVE_CONFIG_H -fstack-protector-strong -fpic -fpie -O2 -D_LARGEFILE_SOURCE -D_FILE_OFFSET_BITS=64 -D_GNU_SOURCE -DONIG_ESCAPE_UCHAR_COLLISION=1 -DUChar=OnigUChar -DZEND_ENABLE_STATIC_TSRMLS_CACHE=1 -DZEND_COMPILE_DL_EXT=1 -c /usr/src/php/ext/mbstring/libmbfl/mbfl/mbfl_string.c -MMD -MF libmbfl/mbfl/mbfl_string.dep -MT libmbfl/mbfl/mbfl_string.lo  -fPIC -DPIC -o libmbfl/mbfl/.libs/mbfl_string.o
#12 3.844 mkdir libmbfl/nls/.libs
#12 3.846  cc -I. -I/usr/src/php/ext/mbstring -I/usr/src/php/ext/mbstring/include -I/usr/src/php/ext/mbstring/main -I/usr/src/php/ext/mbstring -I/usr/local/include/php -I/usr/local/include/php/main -I/usr/local/include/php/TSRM -I/usr/local/include/php/Zend -I/usr/local/include/php/ext -I/usr/local/include/php/ext/date/lib -I/usr/src/php/ext/mbstring/libmbfl -I/usr/src/php/ext/mbstring/libmbfl/mbfl -fstack-protector-strong -fpic -fpie -O2 -D_LARGEFILE_SOURCE -D_FILE_OFFSET_BITS=64 -DHAVE_CONFIG_H -fstack-protector-strong -fpic -fpie -O2 -D_LARGEFILE_SOURCE -D_FILE_OFFSET_BITS=64 -D_GNU_SOURCE -DONIG_ESCAPE_UCHAR_COLLISION=1 -DUChar=OnigUChar -DZEND_ENABLE_STATIC_TSRMLS_CACHE=1 -DZEND_COMPILE_DL_EXT=1 -c /usr/src/php/ext/mbstring/libmbfl/nls/nls_de.c -MMD -MF libmbfl/nls/nls_de.dep -MT libmbfl/nls/nls_de.lo  -fPIC -DPIC -o libmbfl/nls/.libs/nls_de.o
#12 3.849 /bin/sh /usr/src/php/ext/mbstring/libtool --tag=CC --mode=compile cc -I. -I/usr/src/php/ext/mbstring -I/usr/src/php/ext/mbstring/include -I/usr/src/php/ext/mbstring/main -I/usr/src/php/ext/mbstring -I/usr/local/include/php -I/usr/local/include/php/main -I/usr/local/include/php/TSRM -I/usr/local/include/php/Zend -I/usr/local/include/php/ext -I/usr/local/include/php/ext/date/lib -I/usr/src/php/ext/mbstring/libmbfl -I/usr/src/php/ext/mbstring/libmbfl/mbfl  -fstack-protector-strong -fpic -fpie -O2 -D_LARGEFILE_SOURCE -D_FILE_OFFSET_BITS=64 -DHAVE_CONFIG_H  -fstack-protector-strong -fpic -fpie -O2 -D_LARGEFILE_SOURCE -D_FILE_OFFSET_BITS=64 -D_GNU_SOURCE    -DONIG_ESCAPE_UCHAR_COLLISION=1 -DUChar=OnigUChar -DZEND_ENABLE_STATIC_TSRMLS_CACHE=1 -DZEND_COMPILE_DL_EXT=1 -c /usr/src/php/ext/mbstring/libmbfl/nls/nls_kr.c -o libmbfl/nls/nls_kr.lo  -MMD -MF libmbfl/nls/nls_kr.dep -MT libmbfl/nls/nls_kr.lo
#12 3.888 /bin/sh /usr/src/php/ext/mbstring/libtool --tag=CC --mode=compile cc -I. -I/usr/src/php/ext/mbstring -I/usr/src/php/ext/mbstring/include -I/usr/src/php/ext/mbstring/main -I/usr/src/php/ext/mbstring -I/usr/local/include/php -I/usr/local/include/php/main -I/usr/local/include/php/TSRM -I/usr/local/include/php/Zend -I/usr/local/include/php/ext -I/usr/local/include/php/ext/date/lib -I/usr/src/php/ext/mbstring/libmbfl -I/usr/src/php/ext/mbstring/libmbfl/mbfl  -fstack-protector-strong -fpic -fpie -O2 -D_LARGEFILE_SOURCE -D_FILE_OFFSET_BITS=64 -DHAVE_CONFIG_H  -fstack-protector-strong -fpic -fpie -O2 -D_LARGEFILE_SOURCE -D_FILE_OFFSET_BITS=64 -D_GNU_SOURCE    -DONIG_ESCAPE_UCHAR_COLLISION=1 -DUChar=OnigUChar -DZEND_ENABLE_STATIC_TSRMLS_CACHE=1 -DZEND_COMPILE_DL_EXT=1 -c /usr/src/php/ext/mbstring/libmbfl/nls/nls_neutral.c -o libmbfl/nls/nls_neutral.lo  -MMD -MF libmbfl/nls/nls_neutral.dep -MT libmbfl/nls/nls_neutral.lo
#12 3.902  cc -I. -I/usr/src/php/ext/mbstring -I/usr/src/php/ext/mbstring/include -I/usr/src/php/ext/mbstring/main -I/usr/src/php/ext/mbstring -I/usr/local/include/php -I/usr/local/include/php/main -I/usr/local/include/php/TSRM -I/usr/local/include/php/Zend -I/usr/local/include/php/ext -I/usr/local/include/php/ext/date/lib -I/usr/src/php/ext/mbstring/libmbfl -I/usr/src/php/ext/mbstring/libmbfl/mbfl -fstack-protector-strong -fpic -fpie -O2 -D_LARGEFILE_SOURCE -D_FILE_OFFSET_BITS=64 -DHAVE_CONFIG_H -fstack-protector-strong -fpic -fpie -O2 -D_LARGEFILE_SOURCE -D_FILE_OFFSET_BITS=64 -D_GNU_SOURCE -DONIG_ESCAPE_UCHAR_COLLISION=1 -DUChar=OnigUChar -DZEND_ENABLE_STATIC_TSRMLS_CACHE=1 -DZEND_COMPILE_DL_EXT=1 -c /usr/src/php/ext/mbstring/libmbfl/nls/nls_en.c -MMD -MF libmbfl/nls/nls_en.dep -MT libmbfl/nls/nls_en.lo  -fPIC -DPIC -o libmbfl/nls/.libs/nls_en.o
#12 3.931 /bin/sh /usr/src/php/ext/mbstring/libtool --tag=CC --mode=compile cc -I. -I/usr/src/php/ext/mbstring -I/usr/src/php/ext/mbstring/include -I/usr/src/php/ext/mbstring/main -I/usr/src/php/ext/mbstring -I/usr/local/include/php -I/usr/local/include/php/main -I/usr/local/include/php/TSRM -I/usr/local/include/php/Zend -I/usr/local/include/php/ext -I/usr/local/include/php/ext/date/lib -I/usr/src/php/ext/mbstring/libmbfl -I/usr/src/php/ext/mbstring/libmbfl/mbfl  -fstack-protector-strong -fpic -fpie -O2 -D_LARGEFILE_SOURCE -D_FILE_OFFSET_BITS=64 -DHAVE_CONFIG_H  -fstack-protector-strong -fpic -fpie -O2 -D_LARGEFILE_SOURCE -D_FILE_OFFSET_BITS=64 -D_GNU_SOURCE    -DONIG_ESCAPE_UCHAR_COLLISION=1 -DUChar=OnigUChar -DZEND_ENABLE_STATIC_TSRMLS_CACHE=1 -DZEND_COMPILE_DL_EXT=1 -c /usr/src/php/ext/mbstring/libmbfl/nls/nls_ru.c -o libmbfl/nls/nls_ru.lo  -MMD -MF libmbfl/nls/nls_ru.dep -MT libmbfl/nls/nls_ru.lo
#12 3.945  cc -I. -I/usr/src/php/ext/mbstring -I/usr/src/php/ext/mbstring/include -I/usr/src/php/ext/mbstring/main -I/usr/src/php/ext/mbstring -I/usr/local/include/php -I/usr/local/include/php/main -I/usr/local/include/php/TSRM -I/usr/local/include/php/Zend -I/usr/local/include/php/ext -I/usr/local/include/php/ext/date/lib -I/usr/src/php/ext/mbstring/libmbfl -I/usr/src/php/ext/mbstring/libmbfl/mbfl -fstack-protector-strong -fpic -fpie -O2 -D_LARGEFILE_SOURCE -D_FILE_OFFSET_BITS=64 -DHAVE_CONFIG_H -fstack-protector-strong -fpic -fpie -O2 -D_LARGEFILE_SOURCE -D_FILE_OFFSET_BITS=64 -D_GNU_SOURCE -DONIG_ESCAPE_UCHAR_COLLISION=1 -DUChar=OnigUChar -DZEND_ENABLE_STATIC_TSRMLS_CACHE=1 -DZEND_COMPILE_DL_EXT=1 -c /usr/src/php/ext/mbstring/libmbfl/nls/nls_ja.c -MMD -MF libmbfl/nls/nls_ja.dep -MT libmbfl/nls/nls_ja.lo  -fPIC -DPIC -o libmbfl/nls/.libs/nls_ja.o
#12 3.953  cc -I. -I/usr/src/php/ext/mbstring -I/usr/src/php/ext/mbstring/include -I/usr/src/php/ext/mbstring/main -I/usr/src/php/ext/mbstring -I/usr/local/include/php -I/usr/local/include/php/main -I/usr/local/include/php/TSRM -I/usr/local/include/php/Zend -I/usr/local/include/php/ext -I/usr/local/include/php/ext/date/lib -I/usr/src/php/ext/mbstring/libmbfl -I/usr/src/php/ext/mbstring/libmbfl/mbfl -fstack-protector-strong -fpic -fpie -O2 -D_LARGEFILE_SOURCE -D_FILE_OFFSET_BITS=64 -DHAVE_CONFIG_H -fstack-protector-strong -fpic -fpie -O2 -D_LARGEFILE_SOURCE -D_FILE_OFFSET_BITS=64 -D_GNU_SOURCE -DONIG_ESCAPE_UCHAR_COLLISION=1 -DUChar=OnigUChar -DZEND_ENABLE_STATIC_TSRMLS_CACHE=1 -DZEND_COMPILE_DL_EXT=1 -c /usr/src/php/ext/mbstring/libmbfl/nls/nls_kr.c -MMD -MF libmbfl/nls/nls_kr.dep -MT libmbfl/nls/nls_kr.lo  -fPIC -DPIC -o libmbfl/nls/.libs/nls_kr.o
#12 3.967  cc -I. -I/usr/src/php/ext/mbstring -I/usr/src/php/ext/mbstring/include -I/usr/src/php/ext/mbstring/main -I/usr/src/php/ext/mbstring -I/usr/local/include/php -I/usr/local/include/php/main -I/usr/local/include/php/TSRM -I/usr/local/include/php/Zend -I/usr/local/include/php/ext -I/usr/local/include/php/ext/date/lib -I/usr/src/php/ext/mbstring/libmbfl -I/usr/src/php/ext/mbstring/libmbfl/mbfl -fstack-protector-strong -fpic -fpie -O2 -D_LARGEFILE_SOURCE -D_FILE_OFFSET_BITS=64 -DHAVE_CONFIG_H -fstack-protector-strong -fpic -fpie -O2 -D_LARGEFILE_SOURCE -D_FILE_OFFSET_BITS=64 -D_GNU_SOURCE -DONIG_ESCAPE_UCHAR_COLLISION=1 -DUChar=OnigUChar -DZEND_ENABLE_STATIC_TSRMLS_CACHE=1 -DZEND_COMPILE_DL_EXT=1 -c /usr/src/php/ext/mbstring/libmbfl/nls/nls_neutral.c -MMD -MF libmbfl/nls/nls_neutral.dep -MT libmbfl/nls/nls_neutral.lo  -fPIC -DPIC -o libmbfl/nls/.libs/nls_neutral.o
#12 3.979 /bin/sh /usr/src/php/ext/mbstring/libtool --tag=CC --mode=compile cc -I. -I/usr/src/php/ext/mbstring -I/usr/src/php/ext/mbstring/include -I/usr/src/php/ext/mbstring/main -I/usr/src/php/ext/mbstring -I/usr/local/include/php -I/usr/local/include/php/main -I/usr/local/include/php/TSRM -I/usr/local/include/php/Zend -I/usr/local/include/php/ext -I/usr/local/include/php/ext/date/lib -I/usr/src/php/ext/mbstring/libmbfl -I/usr/src/php/ext/mbstring/libmbfl/mbfl  -fstack-protector-strong -fpic -fpie -O2 -D_LARGEFILE_SOURCE -D_FILE_OFFSET_BITS=64 -DHAVE_CONFIG_H  -fstack-protector-strong -fpic -fpie -O2 -D_LARGEFILE_SOURCE -D_FILE_OFFSET_BITS=64 -D_GNU_SOURCE    -DONIG_ESCAPE_UCHAR_COLLISION=1 -DUChar=OnigUChar -DZEND_ENABLE_STATIC_TSRMLS_CACHE=1 -DZEND_COMPILE_DL_EXT=1 -c /usr/src/php/ext/mbstring/libmbfl/nls/nls_uni.c -o libmbfl/nls/nls_uni.lo  -MMD -MF libmbfl/nls/nls_uni.dep -MT libmbfl/nls/nls_uni.lo
#12 4.013  cc -I. -I/usr/src/php/ext/mbstring -I/usr/src/php/ext/mbstring/include -I/usr/src/php/ext/mbstring/main -I/usr/src/php/ext/mbstring -I/usr/local/include/php -I/usr/local/include/php/main -I/usr/local/include/php/TSRM -I/usr/local/include/php/Zend -I/usr/local/include/php/ext -I/usr/local/include/php/ext/date/lib -I/usr/src/php/ext/mbstring/libmbfl -I/usr/src/php/ext/mbstring/libmbfl/mbfl -fstack-protector-strong -fpic -fpie -O2 -D_LARGEFILE_SOURCE -D_FILE_OFFSET_BITS=64 -DHAVE_CONFIG_H -fstack-protector-strong -fpic -fpie -O2 -D_LARGEFILE_SOURCE -D_FILE_OFFSET_BITS=64 -D_GNU_SOURCE -DONIG_ESCAPE_UCHAR_COLLISION=1 -DUChar=OnigUChar -DZEND_ENABLE_STATIC_TSRMLS_CACHE=1 -DZEND_COMPILE_DL_EXT=1 -c /usr/src/php/ext/mbstring/libmbfl/nls/nls_ru.c -MMD -MF libmbfl/nls/nls_ru.dep -MT libmbfl/nls/nls_ru.lo  -fPIC -DPIC -o libmbfl/nls/.libs/nls_ru.o
#12 4.030  cc -I. -I/usr/src/php/ext/mbstring -I/usr/src/php/ext/mbstring/include -I/usr/src/php/ext/mbstring/main -I/usr/src/php/ext/mbstring -I/usr/local/include/php -I/usr/local/include/php/main -I/usr/local/include/php/TSRM -I/usr/local/include/php/Zend -I/usr/local/include/php/ext -I/usr/local/include/php/ext/date/lib -I/usr/src/php/ext/mbstring/libmbfl -I/usr/src/php/ext/mbstring/libmbfl/mbfl -fstack-protector-strong -fpic -fpie -O2 -D_LARGEFILE_SOURCE -D_FILE_OFFSET_BITS=64 -DHAVE_CONFIG_H -fstack-protector-strong -fpic -fpie -O2 -D_LARGEFILE_SOURCE -D_FILE_OFFSET_BITS=64 -D_GNU_SOURCE -DONIG_ESCAPE_UCHAR_COLLISION=1 -DUChar=OnigUChar -DZEND_ENABLE_STATIC_TSRMLS_CACHE=1 -DZEND_COMPILE_DL_EXT=1 -c /usr/src/php/ext/mbstring/libmbfl/nls/nls_uni.c -MMD -MF libmbfl/nls/nls_uni.dep -MT libmbfl/nls/nls_uni.lo  -fPIC -DPIC -o libmbfl/nls/.libs/nls_uni.o
#12 4.077 /bin/sh /usr/src/php/ext/mbstring/libtool --tag=CC --mode=compile cc -I. -I/usr/src/php/ext/mbstring -I/usr/src/php/ext/mbstring/include -I/usr/src/php/ext/mbstring/main -I/usr/src/php/ext/mbstring -I/usr/local/include/php -I/usr/local/include/php/main -I/usr/local/include/php/TSRM -I/usr/local/include/php/Zend -I/usr/local/include/php/ext -I/usr/local/include/php/ext/date/lib -I/usr/src/php/ext/mbstring/libmbfl -I/usr/src/php/ext/mbstring/libmbfl/mbfl  -fstack-protector-strong -fpic -fpie -O2 -D_LARGEFILE_SOURCE -D_FILE_OFFSET_BITS=64 -DHAVE_CONFIG_H  -fstack-protector-strong -fpic -fpie -O2 -D_LARGEFILE_SOURCE -D_FILE_OFFSET_BITS=64 -D_GNU_SOURCE    -DONIG_ESCAPE_UCHAR_COLLISION=1 -DUChar=OnigUChar -DZEND_ENABLE_STATIC_TSRMLS_CACHE=1 -DZEND_COMPILE_DL_EXT=1 -c /usr/src/php/ext/mbstring/libmbfl/nls/nls_zh.c -o libmbfl/nls/nls_zh.lo  -MMD -MF libmbfl/nls/nls_zh.dep -MT libmbfl/nls/nls_zh.lo
#12 4.095 /bin/sh /usr/src/php/ext/mbstring/libtool --tag=CC --mode=compile cc -I. -I/usr/src/php/ext/mbstring -I/usr/src/php/ext/mbstring/include -I/usr/src/php/ext/mbstring/main -I/usr/src/php/ext/mbstring -I/usr/local/include/php -I/usr/local/include/php/main -I/usr/local/include/php/TSRM -I/usr/local/include/php/Zend -I/usr/local/include/php/ext -I/usr/local/include/php/ext/date/lib -I/usr/src/php/ext/mbstring/libmbfl -I/usr/src/php/ext/mbstring/libmbfl/mbfl  -fstack-protector-strong -fpic -fpie -O2 -D_LARGEFILE_SOURCE -D_FILE_OFFSET_BITS=64 -DHAVE_CONFIG_H  -fstack-protector-strong -fpic -fpie -O2 -D_LARGEFILE_SOURCE -D_FILE_OFFSET_BITS=64 -D_GNU_SOURCE    -DONIG_ESCAPE_UCHAR_COLLISION=1 -DUChar=OnigUChar -DZEND_ENABLE_STATIC_TSRMLS_CACHE=1 -DZEND_COMPILE_DL_EXT=1 -c /usr/src/php/ext/mbstring/libmbfl/nls/nls_hy.c -o libmbfl/nls/nls_hy.lo  -MMD -MF libmbfl/nls/nls_hy.dep -MT libmbfl/nls/nls_hy.lo
#12 4.100 /bin/sh /usr/src/php/ext/mbstring/libtool --tag=CC --mode=compile cc -I. -I/usr/src/php/ext/mbstring -I/usr/src/php/ext/mbstring/include -I/usr/src/php/ext/mbstring/main -I/usr/src/php/ext/mbstring -I/usr/local/include/php -I/usr/local/include/php/main -I/usr/local/include/php/TSRM -I/usr/local/include/php/Zend -I/usr/local/include/php/ext -I/usr/local/include/php/ext/date/lib -I/usr/src/php/ext/mbstring/libmbfl -I/usr/src/php/ext/mbstring/libmbfl/mbfl  -fstack-protector-strong -fpic -fpie -O2 -D_LARGEFILE_SOURCE -D_FILE_OFFSET_BITS=64 -DHAVE_CONFIG_H  -fstack-protector-strong -fpic -fpie -O2 -D_LARGEFILE_SOURCE -D_FILE_OFFSET_BITS=64 -D_GNU_SOURCE    -DONIG_ESCAPE_UCHAR_COLLISION=1 -DUChar=OnigUChar -DZEND_ENABLE_STATIC_TSRMLS_CACHE=1 -DZEND_COMPILE_DL_EXT=1 -c /usr/src/php/ext/mbstring/libmbfl/nls/nls_tr.c -o libmbfl/nls/nls_tr.lo  -MMD -MF libmbfl/nls/nls_tr.dep -MT libmbfl/nls/nls_tr.lo
#12 4.102 /bin/sh /usr/src/php/ext/mbstring/libtool --tag=CC --mode=compile cc -I. -I/usr/src/php/ext/mbstring -I/usr/src/php/ext/mbstring/include -I/usr/src/php/ext/mbstring/main -I/usr/src/php/ext/mbstring -I/usr/local/include/php -I/usr/local/include/php/main -I/usr/local/include/php/TSRM -I/usr/local/include/php/Zend -I/usr/local/include/php/ext -I/usr/local/include/php/ext/date/lib -I/usr/src/php/ext/mbstring/libmbfl -I/usr/src/php/ext/mbstring/libmbfl/mbfl  -fstack-protector-strong -fpic -fpie -O2 -D_LARGEFILE_SOURCE -D_FILE_OFFSET_BITS=64 -DHAVE_CONFIG_H  -fstack-protector-strong -fpic -fpie -O2 -D_LARGEFILE_SOURCE -D_FILE_OFFSET_BITS=64 -D_GNU_SOURCE    -DONIG_ESCAPE_UCHAR_COLLISION=1 -DUChar=OnigUChar -DZEND_ENABLE_STATIC_TSRMLS_CACHE=1 -DZEND_COMPILE_DL_EXT=1 -c /usr/src/php/ext/mbstring/libmbfl/nls/nls_ua.c -o libmbfl/nls/nls_ua.lo  -MMD -MF libmbfl/nls/nls_ua.dep -MT libmbfl/nls/nls_ua.lo
#12 4.138  cc -I. -I/usr/src/php/ext/mbstring -I/usr/src/php/ext/mbstring/include -I/usr/src/php/ext/mbstring/main -I/usr/src/php/ext/mbstring -I/usr/local/include/php -I/usr/local/include/php/main -I/usr/local/include/php/TSRM -I/usr/local/include/php/Zend -I/usr/local/include/php/ext -I/usr/local/include/php/ext/date/lib -I/usr/src/php/ext/mbstring/libmbfl -I/usr/src/php/ext/mbstring/libmbfl/mbfl -fstack-protector-strong -fpic -fpie -O2 -D_LARGEFILE_SOURCE -D_FILE_OFFSET_BITS=64 -DHAVE_CONFIG_H -fstack-protector-strong -fpic -fpie -O2 -D_LARGEFILE_SOURCE -D_FILE_OFFSET_BITS=64 -D_GNU_SOURCE -DONIG_ESCAPE_UCHAR_COLLISION=1 -DUChar=OnigUChar -DZEND_ENABLE_STATIC_TSRMLS_CACHE=1 -DZEND_COMPILE_DL_EXT=1 -c /usr/src/php/ext/mbstring/libmbfl/nls/nls_zh.c -MMD -MF libmbfl/nls/nls_zh.dep -MT libmbfl/nls/nls_zh.lo  -fPIC -DPIC -o libmbfl/nls/.libs/nls_zh.o
#12 4.162  cc -I. -I/usr/src/php/ext/mbstring -I/usr/src/php/ext/mbstring/include -I/usr/src/php/ext/mbstring/main -I/usr/src/php/ext/mbstring -I/usr/local/include/php -I/usr/local/include/php/main -I/usr/local/include/php/TSRM -I/usr/local/include/php/Zend -I/usr/local/include/php/ext -I/usr/local/include/php/ext/date/lib -I/usr/src/php/ext/mbstring/libmbfl -I/usr/src/php/ext/mbstring/libmbfl/mbfl -fstack-protector-strong -fpic -fpie -O2 -D_LARGEFILE_SOURCE -D_FILE_OFFSET_BITS=64 -DHAVE_CONFIG_H -fstack-protector-strong -fpic -fpie -O2 -D_LARGEFILE_SOURCE -D_FILE_OFFSET_BITS=64 -D_GNU_SOURCE -DONIG_ESCAPE_UCHAR_COLLISION=1 -DUChar=OnigUChar -DZEND_ENABLE_STATIC_TSRMLS_CACHE=1 -DZEND_COMPILE_DL_EXT=1 -c /usr/src/php/ext/mbstring/libmbfl/nls/nls_hy.c -MMD -MF libmbfl/nls/nls_hy.dep -MT libmbfl/nls/nls_hy.lo  -fPIC -DPIC -o libmbfl/nls/.libs/nls_hy.o
#12 4.165  cc -I. -I/usr/src/php/ext/mbstring -I/usr/src/php/ext/mbstring/include -I/usr/src/php/ext/mbstring/main -I/usr/src/php/ext/mbstring -I/usr/local/include/php -I/usr/local/include/php/main -I/usr/local/include/php/TSRM -I/usr/local/include/php/Zend -I/usr/local/include/php/ext -I/usr/local/include/php/ext/date/lib -I/usr/src/php/ext/mbstring/libmbfl -I/usr/src/php/ext/mbstring/libmbfl/mbfl -fstack-protector-strong -fpic -fpie -O2 -D_LARGEFILE_SOURCE -D_FILE_OFFSET_BITS=64 -DHAVE_CONFIG_H -fstack-protector-strong -fpic -fpie -O2 -D_LARGEFILE_SOURCE -D_FILE_OFFSET_BITS=64 -D_GNU_SOURCE -DONIG_ESCAPE_UCHAR_COLLISION=1 -DUChar=OnigUChar -DZEND_ENABLE_STATIC_TSRMLS_CACHE=1 -DZEND_COMPILE_DL_EXT=1 -c /usr/src/php/ext/mbstring/libmbfl/nls/nls_tr.c -MMD -MF libmbfl/nls/nls_tr.dep -MT libmbfl/nls/nls_tr.lo  -fPIC -DPIC -o libmbfl/nls/.libs/nls_tr.o
#12 4.181  cc -I. -I/usr/src/php/ext/mbstring -I/usr/src/php/ext/mbstring/include -I/usr/src/php/ext/mbstring/main -I/usr/src/php/ext/mbstring -I/usr/local/include/php -I/usr/local/include/php/main -I/usr/local/include/php/TSRM -I/usr/local/include/php/Zend -I/usr/local/include/php/ext -I/usr/local/include/php/ext/date/lib -I/usr/src/php/ext/mbstring/libmbfl -I/usr/src/php/ext/mbstring/libmbfl/mbfl -fstack-protector-strong -fpic -fpie -O2 -D_LARGEFILE_SOURCE -D_FILE_OFFSET_BITS=64 -DHAVE_CONFIG_H -fstack-protector-strong -fpic -fpie -O2 -D_LARGEFILE_SOURCE -D_FILE_OFFSET_BITS=64 -D_GNU_SOURCE -DONIG_ESCAPE_UCHAR_COLLISION=1 -DUChar=OnigUChar -DZEND_ENABLE_STATIC_TSRMLS_CACHE=1 -DZEND_COMPILE_DL_EXT=1 -c /usr/src/php/ext/mbstring/libmbfl/nls/nls_ua.c -MMD -MF libmbfl/nls/nls_ua.dep -MT libmbfl/nls/nls_ua.lo  -fPIC -DPIC -o libmbfl/nls/.libs/nls_ua.o
#12 7.251 /bin/sh /usr/src/php/ext/mbstring/libtool --tag=CC --mode=link cc -shared -I/usr/src/php/ext/mbstring/include -I/usr/src/php/ext/mbstring/main -I/usr/src/php/ext/mbstring -I/usr/local/include/php -I/usr/local/include/php/main -I/usr/local/include/php/TSRM -I/usr/local/include/php/Zend -I/usr/local/include/php/ext -I/usr/local/include/php/ext/date/lib -I/usr/src/php/ext/mbstring/libmbfl -I/usr/src/php/ext/mbstring/libmbfl/mbfl  -fstack-protector-strong -fpic -fpie -O2 -D_LARGEFILE_SOURCE -D_FILE_OFFSET_BITS=64 -DHAVE_CONFIG_H  -fstack-protector-strong -fpic -fpie -O2 -D_LARGEFILE_SOURCE -D_FILE_OFFSET_BITS=64 -D_GNU_SOURCE  -Wl,-O1 -pie  -o mbstring.la -export-dynamic -avoid-version -prefer-pic -module -rpath /usr/src/php/ext/mbstring/modules  mbstring.lo php_unicode.lo mb_gpc.lo php_mbregex.lo libmbfl/filters/html_entities.lo libmbfl/filters/mbfilter_7bit.lo libmbfl/filters/mbfilter_base64.lo libmbfl/filters/mbfilter_cjk.lo libmbfl/filters/mbfilter_htmlent.lo libmbfl/filters/mbfilter_qprint.lo libmbfl/filters/mbfilter_singlebyte.lo libmbfl/filters/mbfilter_ucs2.lo libmbfl/filters/mbfilter_ucs4.lo libmbfl/filters/mbfilter_utf16.lo libmbfl/filters/mbfilter_utf32.lo libmbfl/filters/mbfilter_utf7.lo libmbfl/filters/mbfilter_utf7imap.lo libmbfl/filters/mbfilter_utf8.lo libmbfl/filters/mbfilter_utf8_mobile.lo libmbfl/filters/mbfilter_uuencode.lo libmbfl/mbfl/mbfilter.lo libmbfl/mbfl/mbfilter_8bit.lo libmbfl/mbfl/mbfilter_pass.lo libmbfl/mbfl/mbfilter_wchar.lo libmbfl/mbfl/mbfl_convert.lo libmbfl/mbfl/mbfl_encoding.lo libmbfl/mbfl/mbfl_filter_output.lo libmbfl/mbfl/mbfl_language.lo libmbfl/mbfl/mbfl_memory_device.lo libmbfl/mbfl/mbfl_string.lo libmbfl/nls/nls_de.lo libmbfl/nls/nls_en.lo libmbfl/nls/nls_ja.lo libmbfl/nls/nls_kr.lo libmbfl/nls/nls_neutral.lo libmbfl/nls/nls_ru.lo libmbfl/nls/nls_uni.lo libmbfl/nls/nls_zh.lo libmbfl/nls/nls_hy.lo libmbfl/nls/nls_tr.lo libmbfl/nls/nls_ua.lo -lonig
#12 7.306 cc -shared  .libs/mbstring.o .libs/php_unicode.o .libs/mb_gpc.o .libs/php_mbregex.o libmbfl/filters/.libs/html_entities.o libmbfl/filters/.libs/mbfilter_7bit.o libmbfl/filters/.libs/mbfilter_base64.o libmbfl/filters/.libs/mbfilter_cjk.o libmbfl/filters/.libs/mbfilter_htmlent.o libmbfl/filters/.libs/mbfilter_qprint.o libmbfl/filters/.libs/mbfilter_singlebyte.o libmbfl/filters/.libs/mbfilter_ucs2.o libmbfl/filters/.libs/mbfilter_ucs4.o libmbfl/filters/.libs/mbfilter_utf16.o libmbfl/filters/.libs/mbfilter_utf32.o libmbfl/filters/.libs/mbfilter_utf7.o libmbfl/filters/.libs/mbfilter_utf7imap.o libmbfl/filters/.libs/mbfilter_utf8.o libmbfl/filters/.libs/mbfilter_utf8_mobile.o libmbfl/filters/.libs/mbfilter_uuencode.o libmbfl/mbfl/.libs/mbfilter.o libmbfl/mbfl/.libs/mbfilter_8bit.o libmbfl/mbfl/.libs/mbfilter_pass.o libmbfl/mbfl/.libs/mbfilter_wchar.o libmbfl/mbfl/.libs/mbfl_convert.o libmbfl/mbfl/.libs/mbfl_encoding.o libmbfl/mbfl/.libs/mbfl_filter_output.o libmbfl/mbfl/.libs/mbfl_language.o libmbfl/mbfl/.libs/mbfl_memory_device.o libmbfl/mbfl/.libs/mbfl_string.o libmbfl/nls/.libs/nls_de.o libmbfl/nls/.libs/nls_en.o libmbfl/nls/.libs/nls_ja.o libmbfl/nls/.libs/nls_kr.o libmbfl/nls/.libs/nls_neutral.o libmbfl/nls/.libs/nls_ru.o libmbfl/nls/.libs/nls_uni.o libmbfl/nls/.libs/nls_zh.o libmbfl/nls/.libs/nls_hy.o libmbfl/nls/.libs/nls_tr.o libmbfl/nls/.libs/nls_ua.o  -lonig  -Wl,-O1 -Wl,-soname -Wl,mbstring.so -o .libs/mbstring.so
#12 7.318 creating mbstring.la
#12 7.319 (cd .libs && rm -f mbstring.la && ln -s ../mbstring.la mbstring.la)
#12 7.320 /bin/sh /usr/src/php/ext/mbstring/libtool --tag=CC --mode=install cp ./mbstring.la /usr/src/php/ext/mbstring/modules
#12 7.327 cp ./.libs/mbstring.so /usr/src/php/ext/mbstring/modules/mbstring.so
#12 7.328 cp ./.libs/mbstring.lai /usr/src/php/ext/mbstring/modules/mbstring.la
#12 7.333 PATH="$PATH:/sbin" ldconfig -n /usr/src/php/ext/mbstring/modules
#12 7.334 ----------------------------------------------------------------------
#12 7.334 Libraries have been installed in:
#12 7.334    /usr/src/php/ext/mbstring/modules
#12 7.334 
#12 7.334 If you ever happen to want to link against installed libraries
#12 7.334 in a given directory, LIBDIR, you must either use libtool, and
#12 7.334 specify the full pathname of the library, or use the `-LLIBDIR'
#12 7.334 flag during linking and do at least one of the following:
#12 7.334    - add LIBDIR to the `LD_LIBRARY_PATH' environment variable
#12 7.334      during execution
#12 7.334    - add LIBDIR to the `LD_RUN_PATH' environment variable
#12 7.334      during linking
#12 7.334    - use the `-Wl,--rpath -Wl,LIBDIR' linker flag
#12 7.334 
#12 7.334 See any operating system documentation about shared libraries for
#12 7.334 more information, such as the ld(1) and ld.so(8) manual pages.
#12 7.334 ----------------------------------------------------------------------
#12 7.335 
#12 7.335 Build complete.
#12 7.335 Don't forget to run 'make test'.
#12 7.335 
#12 7.340 + strip --strip-all modules/mbstring.so
#12 7.360 Installing shared extensions:     /usr/local/lib/php/extensions/no-debug-non-zts-20230831/
#12 7.506 Installing header files:          /usr/local/include/php/
#12 7.678 
#12 7.678 warning: mbstring (mbstring) is already loaded!
#12 7.678 
#12 7.686 find . -name \*.gcno -o -name \*.gcda | xargs rm -f
#12 7.689 find . -name \*.lo -o -name \*.o -o -name \*.dep | xargs rm -f
#12 7.691 find . -name \*.la -o -name \*.a | xargs rm -f
#12 7.693 find . -name \*.so | xargs rm -f
#12 7.694 find . -name .libs -a -type d|xargs rm -rf
#12 7.695 rm -f libphp.la      modules/* libs/*
#12 7.695 rm -f ext/opcache/jit/zend_jit_x86.c
#12 7.696 rm -f ext/opcache/jit/zend_jit_arm64.c
#12 7.696 rm -f ext/opcache/minilua
#12 7.715 Configuring for:
#12 7.715 PHP Api Version:         20230831
#12 7.715 Zend Module Api No:      20230831
#12 7.715 Zend Extension Api No:   420230831
#12 8.025 checking for grep that handles long lines and -e... /bin/grep
#12 8.040 checking for egrep... /bin/grep -E
#12 8.040 checking for a sed that does not truncate output... /bin/sed
#12 8.045 checking for pkg-config... /usr/bin/pkg-config
#12 8.046 checking pkg-config is at least version 0.9.0... yes
#12 8.046 checking for cc... cc
#12 8.054 checking whether the C compiler works... yes
#12 8.070 checking for C compiler default output file name... a.out
#12 8.070 checking for suffix of executables... 
#12 8.085 checking whether we are cross compiling... no
#12 8.101 checking for suffix of object files... o
#12 8.112 checking whether the compiler supports GNU C... yes
#12 8.123 checking whether cc accepts -g... yes
#12 8.133 checking for cc option to enable C11 features... none needed
#12 8.161 checking how to run the C preprocessor... cc -E
#12 8.184 checking for egrep -e... (cached) /bin/grep -E
#12 8.184 checking for icc... no
#12 8.190 checking for suncc... no
#12 8.195 checking for system library directory... lib
#12 8.195 checking if compiler supports -Wl,-rpath,... yes
#12 8.211 checking build system type... aarch64-unknown-linux-musl
#12 8.212 checking host system type... aarch64-unknown-linux-musl
#12 8.213 checking target system type... aarch64-unknown-linux-musl
#12 8.233 checking for PHP prefix... /usr/local
#12 8.233 checking for PHP includes... -I/usr/local/include/php -I/usr/local/include/php/main -I/usr/local/include/php/TSRM -I/usr/local/include/php/Zend -I/usr/local/include/php/ext -I/usr/local/include/php/ext/date/lib
#12 8.233 checking for PHP extension directory... /usr/local/lib/php/extensions/no-debug-non-zts-20230831
#12 8.233 checking for PHP installed headers prefix... /usr/local/include/php
#12 8.233 checking if debug is enabled... no
#12 8.239 checking if zts is enabled... no
#12 8.246 checking for gawk... no
#12 8.246 checking for nawk... no
#12 8.246 checking for awk... awk
#12 8.246 checking if awk is broken... no
#12 8.246 checking whether to enable EXIF (metadata from images) support... yes, shared
#12 8.247 checking for a sed that does not truncate output... /bin/sed
#12 8.248 checking for ld used by cc... /usr/aarch64-alpine-linux-musl/bin/ld
#12 8.252 checking if the linker (/usr/aarch64-alpine-linux-musl/bin/ld) is GNU ld... yes
#12 8.253 checking for /usr/aarch64-alpine-linux-musl/bin/ld option to reload object files... -r
#12 8.253 checking for BSD-compatible nm... /usr/bin/nm -B
#12 8.254 checking whether ln -s works... yes
#12 8.254 checking how to recognize dependent libraries... pass_all
#12 8.254 checking for stdio.h... yes
#12 8.263 checking for stdlib.h... yes
#12 8.271 checking for string.h... yes
#12 8.280 checking for inttypes.h... yes
#12 8.289 checking for stdint.h... yes
#12 8.298 checking for strings.h... yes
#12 8.306 checking for sys/stat.h... yes
#12 8.315 checking for sys/types.h... yes
#12 8.325 checking for unistd.h... yes
#12 8.335 checking for dlfcn.h... yes
#12 8.344 checking the maximum length of command line arguments... 98304
#12 8.345 checking command to parse /usr/bin/nm -B output from cc object... ok
#12 8.371 checking for objdir... .libs
#12 8.372 checking for ar... ar
#12 8.372 checking for ranlib... ranlib
#12 8.372 checking for strip... strip
#12 8.394 checking if cc supports -fno-rtti -fno-exceptions... no
#12 8.403 checking for cc option to produce PIC... -fPIC
#12 8.403 checking if cc PIC flag -fPIC works... yes
#12 8.412 checking if cc static flag -static works... yes
#12 8.428 checking if cc supports -c -o file.o... yes
#12 8.439 checking whether the cc linker (/usr/aarch64-alpine-linux-musl/bin/ld) supports shared libraries... yes
#12 8.445 checking whether -lc should be explicitly linked in... no
#12 8.456 checking dynamic linker characteristics... GNU/Linux ld.so
#12 8.459 checking how to hardcode library paths into programs... immediate
#12 8.459 checking whether stripping libraries is possible... yes
#12 8.460 checking if libtool supports shared libraries... yes
#12 8.460 checking whether to build shared libraries... yes
#12 8.460 checking whether to build static libraries... no
#12 8.488 
#12 8.488 creating libtool
#12 8.499 appending configuration tag "CXX" to libtool
#12 8.523 configure: patching config.h.in
#12 8.524 configure: creating ./config.status
#12 8.536 config.status: creating config.h
#12 8.547 /bin/sh /usr/src/php/ext/exif/libtool --tag=CC --mode=compile cc -I. -I/usr/src/php/ext/exif -I/usr/src/php/ext/exif/include -I/usr/src/php/ext/exif/main -I/usr/src/php/ext/exif -I/usr/local/include/php -I/usr/local/include/php/main -I/usr/local/include/php/TSRM -I/usr/local/include/php/Zend -I/usr/local/include/php/ext -I/usr/local/include/php/ext/date/lib  -fstack-protector-strong -fpic -fpie -O2 -D_LARGEFILE_SOURCE -D_FILE_OFFSET_BITS=64 -DHAVE_CONFIG_H  -fstack-protector-strong -fpic -fpie -O2 -D_LARGEFILE_SOURCE -D_FILE_OFFSET_BITS=64 -D_GNU_SOURCE   -DZEND_ENABLE_STATIC_TSRMLS_CACHE=1 -DZEND_COMPILE_DL_EXT=1 -c /usr/src/php/ext/exif/exif.c -o exif.lo  -MMD -MF exif.dep -MT exif.lo
#12 8.568 mkdir .libs
#12 8.569  cc -I. -I/usr/src/php/ext/exif -I/usr/src/php/ext/exif/include -I/usr/src/php/ext/exif/main -I/usr/src/php/ext/exif -I/usr/local/include/php -I/usr/local/include/php/main -I/usr/local/include/php/TSRM -I/usr/local/include/php/Zend -I/usr/local/include/php/ext -I/usr/local/include/php/ext/date/lib -fstack-protector-strong -fpic -fpie -O2 -D_LARGEFILE_SOURCE -D_FILE_OFFSET_BITS=64 -DHAVE_CONFIG_H -fstack-protector-strong -fpic -fpie -O2 -D_LARGEFILE_SOURCE -D_FILE_OFFSET_BITS=64 -D_GNU_SOURCE -DZEND_ENABLE_STATIC_TSRMLS_CACHE=1 -DZEND_COMPILE_DL_EXT=1 -c /usr/src/php/ext/exif/exif.c -MMD -MF exif.dep -MT exif.lo  -fPIC -DPIC -o .libs/exif.o
#12 9.302 /bin/sh /usr/src/php/ext/exif/libtool --tag=CC --mode=link cc -shared -I/usr/src/php/ext/exif/include -I/usr/src/php/ext/exif/main -I/usr/src/php/ext/exif -I/usr/local/include/php -I/usr/local/include/php/main -I/usr/local/include/php/TSRM -I/usr/local/include/php/Zend -I/usr/local/include/php/ext -I/usr/local/include/php/ext/date/lib  -fstack-protector-strong -fpic -fpie -O2 -D_LARGEFILE_SOURCE -D_FILE_OFFSET_BITS=64 -DHAVE_CONFIG_H  -fstack-protector-strong -fpic -fpie -O2 -D_LARGEFILE_SOURCE -D_FILE_OFFSET_BITS=64 -D_GNU_SOURCE  -Wl,-O1 -pie  -o exif.la -export-dynamic -avoid-version -prefer-pic -module -rpath /usr/src/php/ext/exif/modules  exif.lo 
#12 9.324 cc -shared  .libs/exif.o   -Wl,-O1 -Wl,-soname -Wl,exif.so -o .libs/exif.so
#12 9.329 creating exif.la
#12 9.330 (cd .libs && rm -f exif.la && ln -s ../exif.la exif.la)
#12 9.331 /bin/sh /usr/src/php/ext/exif/libtool --tag=CC --mode=install cp ./exif.la /usr/src/php/ext/exif/modules
#12 9.338 cp ./.libs/exif.so /usr/src/php/ext/exif/modules/exif.so
#12 9.339 cp ./.libs/exif.lai /usr/src/php/ext/exif/modules/exif.la
#12 9.344 PATH="$PATH:/sbin" ldconfig -n /usr/src/php/ext/exif/modules
#12 9.345 ----------------------------------------------------------------------
#12 9.345 Libraries have been installed in:
#12 9.345    /usr/src/php/ext/exif/modules
#12 9.345 
#12 9.345 If you ever happen to want to link against installed libraries
#12 9.345 in a given directory, LIBDIR, you must either use libtool, and
#12 9.345 specify the full pathname of the library, or use the `-LLIBDIR'
#12 9.345 flag during linking and do at least one of the following:
#12 9.345    - add LIBDIR to the `LD_LIBRARY_PATH' environment variable
#12 9.345      during execution
#12 9.345    - add LIBDIR to the `LD_RUN_PATH' environment variable
#12 9.345      during linking
#12 9.345    - use the `-Wl,--rpath -Wl,LIBDIR' linker flag
#12 9.345 
#12 9.345 See any operating system documentation about shared libraries for
#12 9.345 more information, such as the ld(1) and ld.so(8) manual pages.
#12 9.345 ----------------------------------------------------------------------
#12 9.346 
#12 9.346 Build complete.
#12 9.346 Don't forget to run 'make test'.
#12 9.346 
#12 9.351 + strip --strip-all modules/exif.so
#12 9.361 Installing shared extensions:     /usr/local/lib/php/extensions/no-debug-non-zts-20230831/
#12 9.389 find . -name \*.gcno -o -name \*.gcda | xargs rm -f
#12 9.391 find . -name \*.lo -o -name \*.o -o -name \*.dep | xargs rm -f
#12 9.392 find . -name \*.la -o -name \*.a | xargs rm -f
#12 9.393 find . -name \*.so | xargs rm -f
#12 9.394 find . -name .libs -a -type d|xargs rm -rf
#12 9.395 rm -f libphp.la      modules/* libs/*
#12 9.396 rm -f ext/opcache/jit/zend_jit_x86.c
#12 9.396 rm -f ext/opcache/jit/zend_jit_arm64.c
#12 9.396 rm -f ext/opcache/minilua
#12 9.414 Configuring for:
#12 9.414 PHP Api Version:         20230831
#12 9.414 Zend Module Api No:      20230831
#12 9.414 Zend Extension Api No:   420230831
#12 9.726 checking for grep that handles long lines and -e... /bin/grep
#12 9.739 checking for egrep... /bin/grep -E
#12 9.740 checking for a sed that does not truncate output... /bin/sed
#12 9.745 checking for pkg-config... /usr/bin/pkg-config
#12 9.745 checking pkg-config is at least version 0.9.0... yes
#12 9.745 checking for cc... cc
#12 9.752 checking whether the C compiler works... yes
#12 9.767 checking for C compiler default output file name... a.out
#12 9.767 checking for suffix of executables... 
#12 9.782 checking whether we are cross compiling... no
#12 9.799 checking for suffix of object files... o
#12 9.810 checking whether the compiler supports GNU C... yes
#12 9.821 checking whether cc accepts -g... yes
#12 9.831 checking for cc option to enable C11 features... none needed
#12 9.860 checking how to run the C preprocessor... cc -E
#12 9.882 checking for egrep -e... (cached) /bin/grep -E
#12 9.882 checking for icc... no
#12 9.887 checking for suncc... no
#12 9.893 checking for system library directory... lib
#12 9.893 checking if compiler supports -Wl,-rpath,... yes
#12 9.908 checking build system type... aarch64-unknown-linux-musl
#12 9.910 checking host system type... aarch64-unknown-linux-musl
#12 9.910 checking target system type... aarch64-unknown-linux-musl
#12 9.930 checking for PHP prefix... /usr/local
#12 9.930 checking for PHP includes... -I/usr/local/include/php -I/usr/local/include/php/main -I/usr/local/include/php/TSRM -I/usr/local/include/php/Zend -I/usr/local/include/php/ext -I/usr/local/include/php/ext/date/lib
#12 9.930 checking for PHP extension directory... /usr/local/lib/php/extensions/no-debug-non-zts-20230831
#12 9.930 checking for PHP installed headers prefix... /usr/local/include/php
#12 9.930 checking if debug is enabled... no
#12 9.937 checking if zts is enabled... no
#12 9.944 checking for gawk... no
#12 9.944 checking for nawk... no
#12 9.944 checking for awk... awk
#12 9.944 checking if awk is broken... no
#12 9.944 checking whether to enable pcntl support... yes, shared
#12 9.945 checking for fork... yes
#12 9.963 checking for waitpid... yes
#12 9.978 checking for sigaction... yes
#12 9.994 checking for getpriority... yes
#12 10.01 checking for setpriority... yes
#12 10.02 checking for wait3... yes
#12 10.04 checking for wait4... yes
#12 10.06 checking for sigwaitinfo... yes
#12 10.07 checking for sigtimedwait... yes
#12 10.09 checking for unshare... yes
#12 10.10 checking for rfork... no
#12 10.12 checking for forkx... no
#12 10.14 checking for siginfo_t... yes
#12 10.15 checking for a sed that does not truncate output... /bin/sed
#12 10.15 checking for ld used by cc... /usr/aarch64-alpine-linux-musl/bin/ld
#12 10.15 checking if the linker (/usr/aarch64-alpine-linux-musl/bin/ld) is GNU ld... yes
#12 10.16 checking for /usr/aarch64-alpine-linux-musl/bin/ld option to reload object files... -r
#12 10.16 checking for BSD-compatible nm... /usr/bin/nm -B
#12 10.16 checking whether ln -s works... yes
#12 10.16 checking how to recognize dependent libraries... pass_all
#12 10.16 checking for stdio.h... yes
#12 10.16 checking for stdlib.h... yes
#12 10.17 checking for string.h... yes
#12 10.18 checking for inttypes.h... yes
#12 10.19 checking for stdint.h... yes
#12 10.20 checking for strings.h... yes
#12 10.21 checking for sys/stat.h... yes
#12 10.22 checking for sys/types.h... yes
#12 10.23 checking for unistd.h... yes
#12 10.24 checking for dlfcn.h... yes
#12 10.25 checking the maximum length of command line arguments... 98304
#12 10.25 checking command to parse /usr/bin/nm -B output from cc object... ok
#12 10.28 checking for objdir... .libs
#12 10.28 checking for ar... ar
#12 10.28 checking for ranlib... ranlib
#12 10.28 checking for strip... strip
#12 10.30 checking if cc supports -fno-rtti -fno-exceptions... no
#12 10.31 checking for cc option to produce PIC... -fPIC
#12 10.31 checking if cc PIC flag -fPIC works... yes
#12 10.32 checking if cc static flag -static works... yes
#12 10.33 checking if cc supports -c -o file.o... yes
#12 10.34 checking whether the cc linker (/usr/aarch64-alpine-linux-musl/bin/ld) supports shared libraries... yes
#12 10.35 checking whether -lc should be explicitly linked in... no
#12 10.36 checking dynamic linker characteristics... GNU/Linux ld.so
#12 10.36 checking how to hardcode library paths into programs... immediate
#12 10.36 checking whether stripping libraries is possible... yes
#12 10.36 checking if libtool supports shared libraries... yes
#12 10.36 checking whether to build shared libraries... yes
#12 10.36 checking whether to build static libraries... no
#12 10.39 
#12 10.39 creating libtool
#12 10.40 appending configuration tag "CXX" to libtool
#12 10.43 configure: patching config.h.in
#12 10.43 configure: creating ./config.status
#12 10.44 config.status: creating config.h
#12 10.45 /bin/sh /usr/src/php/ext/pcntl/libtool --tag=CC --mode=compile cc -I. -I/usr/src/php/ext/pcntl -I/usr/src/php/ext/pcntl/include -I/usr/src/php/ext/pcntl/main -I/usr/src/php/ext/pcntl -I/usr/local/include/php -I/usr/local/include/php/main -I/usr/local/include/php/TSRM -I/usr/local/include/php/Zend -I/usr/local/include/php/ext -I/usr/local/include/php/ext/date/lib  -fstack-protector-strong -fpic -fpie -O2 -D_LARGEFILE_SOURCE -D_FILE_OFFSET_BITS=64 -DHAVE_CONFIG_H  -fstack-protector-strong -fpic -fpie -O2 -D_LARGEFILE_SOURCE -D_FILE_OFFSET_BITS=64 -D_GNU_SOURCE   -DHAVE_STRUCT_SIGINFO_T -DZEND_ENABLE_STATIC_TSRMLS_CACHE=1 -DZEND_COMPILE_DL_EXT=1 -c /usr/src/php/ext/pcntl/pcntl.c -o pcntl.lo  -MMD -MF pcntl.dep -MT pcntl.lo
#12 10.45 /bin/sh /usr/src/php/ext/pcntl/libtool --tag=CC --mode=compile cc -I. -I/usr/src/php/ext/pcntl -I/usr/src/php/ext/pcntl/include -I/usr/src/php/ext/pcntl/main -I/usr/src/php/ext/pcntl -I/usr/local/include/php -I/usr/local/include/php/main -I/usr/local/include/php/TSRM -I/usr/local/include/php/Zend -I/usr/local/include/php/ext -I/usr/local/include/php/ext/date/lib  -fstack-protector-strong -fpic -fpie -O2 -D_LARGEFILE_SOURCE -D_FILE_OFFSET_BITS=64 -DHAVE_CONFIG_H  -fstack-protector-strong -fpic -fpie -O2 -D_LARGEFILE_SOURCE -D_FILE_OFFSET_BITS=64 -D_GNU_SOURCE   -DHAVE_STRUCT_SIGINFO_T -DZEND_ENABLE_STATIC_TSRMLS_CACHE=1 -DZEND_COMPILE_DL_EXT=1 -c /usr/src/php/ext/pcntl/php_signal.c -o php_signal.lo  -MMD -MF php_signal.dep -MT php_signal.lo
#12 10.47 mkdir .libs
#12 10.47 mkdir .libs
#12 10.47 mkdir: can't create directory '.libs': File exists
#12 10.47  cc -I. -I/usr/src/php/ext/pcntl -I/usr/src/php/ext/pcntl/include -I/usr/src/php/ext/pcntl/main -I/usr/src/php/ext/pcntl -I/usr/local/include/php -I/usr/local/include/php/main -I/usr/local/include/php/TSRM -I/usr/local/include/php/Zend -I/usr/local/include/php/ext -I/usr/local/include/php/ext/date/lib -fstack-protector-strong -fpic -fpie -O2 -D_LARGEFILE_SOURCE -D_FILE_OFFSET_BITS=64 -DHAVE_CONFIG_H -fstack-protector-strong -fpic -fpie -O2 -D_LARGEFILE_SOURCE -D_FILE_OFFSET_BITS=64 -D_GNU_SOURCE -DHAVE_STRUCT_SIGINFO_T -DZEND_ENABLE_STATIC_TSRMLS_CACHE=1 -DZEND_COMPILE_DL_EXT=1 -c /usr/src/php/ext/pcntl/pcntl.c -MMD -MF pcntl.dep -MT pcntl.lo  -fPIC -DPIC -o .libs/pcntl.o
#12 10.47  cc -I. -I/usr/src/php/ext/pcntl -I/usr/src/php/ext/pcntl/include -I/usr/src/php/ext/pcntl/main -I/usr/src/php/ext/pcntl -I/usr/local/include/php -I/usr/local/include/php/main -I/usr/local/include/php/TSRM -I/usr/local/include/php/Zend -I/usr/local/include/php/ext -I/usr/local/include/php/ext/date/lib -fstack-protector-strong -fpic -fpie -O2 -D_LARGEFILE_SOURCE -D_FILE_OFFSET_BITS=64 -DHAVE_CONFIG_H -fstack-protector-strong -fpic -fpie -O2 -D_LARGEFILE_SOURCE -D_FILE_OFFSET_BITS=64 -D_GNU_SOURCE -DHAVE_STRUCT_SIGINFO_T -DZEND_ENABLE_STATIC_TSRMLS_CACHE=1 -DZEND_COMPILE_DL_EXT=1 -c /usr/src/php/ext/pcntl/php_signal.c -MMD -MF php_signal.dep -MT php_signal.lo  -fPIC -DPIC -o .libs/php_signal.o
#12 10.90 /bin/sh /usr/src/php/ext/pcntl/libtool --tag=CC --mode=link cc -shared -I/usr/src/php/ext/pcntl/include -I/usr/src/php/ext/pcntl/main -I/usr/src/php/ext/pcntl -I/usr/local/include/php -I/usr/local/include/php/main -I/usr/local/include/php/TSRM -I/usr/local/include/php/Zend -I/usr/local/include/php/ext -I/usr/local/include/php/ext/date/lib  -fstack-protector-strong -fpic -fpie -O2 -D_LARGEFILE_SOURCE -D_FILE_OFFSET_BITS=64 -DHAVE_CONFIG_H  -fstack-protector-strong -fpic -fpie -O2 -D_LARGEFILE_SOURCE -D_FILE_OFFSET_BITS=64 -D_GNU_SOURCE  -Wl,-O1 -pie  -o pcntl.la -export-dynamic -avoid-version -prefer-pic -module -rpath /usr/src/php/ext/pcntl/modules  pcntl.lo php_signal.lo 
#12 10.92 cc -shared  .libs/pcntl.o .libs/php_signal.o   -Wl,-O1 -Wl,-soname -Wl,pcntl.so -o .libs/pcntl.so
#12 10.93 creating pcntl.la
#12 10.93 (cd .libs && rm -f pcntl.la && ln -s ../pcntl.la pcntl.la)
#12 10.93 /bin/sh /usr/src/php/ext/pcntl/libtool --tag=CC --mode=install cp ./pcntl.la /usr/src/php/ext/pcntl/modules
#12 10.94 cp ./.libs/pcntl.so /usr/src/php/ext/pcntl/modules/pcntl.so
#12 10.94 cp ./.libs/pcntl.lai /usr/src/php/ext/pcntl/modules/pcntl.la
#12 10.94 PATH="$PATH:/sbin" ldconfig -n /usr/src/php/ext/pcntl/modules
#12 10.95 ----------------------------------------------------------------------
#12 10.95 Libraries have been installed in:
#12 10.95    /usr/src/php/ext/pcntl/modules
#12 10.95 
#12 10.95 If you ever happen to want to link against installed libraries
#12 10.95 in a given directory, LIBDIR, you must either use libtool, and
#12 10.95 specify the full pathname of the library, or use the `-LLIBDIR'
#12 10.95 flag during linking and do at least one of the following:
#12 10.95    - add LIBDIR to the `LD_LIBRARY_PATH' environment variable
#12 10.95      during execution
#12 10.95    - add LIBDIR to the `LD_RUN_PATH' environment variable
#12 10.95      during linking
#12 10.95    - use the `-Wl,--rpath -Wl,LIBDIR' linker flag
#12 10.95 
#12 10.95 See any operating system documentation about shared libraries for
#12 10.95 more information, such as the ld(1) and ld.so(8) manual pages.
#12 10.95 ----------------------------------------------------------------------
#12 10.95 
#12 10.95 Build complete.
#12 10.95 Don't forget to run 'make test'.
#12 10.95 
#12 10.95 + strip --strip-all modules/pcntl.so
#12 10.96 Installing shared extensions:     /usr/local/lib/php/extensions/no-debug-non-zts-20230831/
#12 10.99 find . -name \*.gcno -o -name \*.gcda | xargs rm -f
#12 10.99 find . -name \*.lo -o -name \*.o -o -name \*.dep | xargs rm -f
#12 10.99 find . -name \*.la -o -name \*.a | xargs rm -f
#12 10.99 find . -name \*.so | xargs rm -f
#12 10.99 find . -name .libs -a -type d|xargs rm -rf
#12 10.99 rm -f libphp.la      modules/* libs/*
#12 11.00 rm -f ext/opcache/jit/zend_jit_x86.c
#12 11.00 rm -f ext/opcache/jit/zend_jit_arm64.c
#12 11.00 rm -f ext/opcache/minilua
#12 11.01 Configuring for:
#12 11.01 PHP Api Version:         20230831
#12 11.01 Zend Module Api No:      20230831
#12 11.01 Zend Extension Api No:   420230831
#12 11.33 checking for grep that handles long lines and -e... /bin/grep
#12 11.35 checking for egrep... /bin/grep -E
#12 11.35 checking for a sed that does not truncate output... /bin/sed
#12 11.35 checking for pkg-config... /usr/bin/pkg-config
#12 11.35 checking pkg-config is at least version 0.9.0... yes
#12 11.35 checking for cc... cc
#12 11.36 checking whether the C compiler works... yes
#12 11.38 checking for C compiler default output file name... a.out
#12 11.38 checking for suffix of executables... 
#12 11.40 checking whether we are cross compiling... no
#12 11.43 checking for suffix of object files... o
#12 11.44 checking whether the compiler supports GNU C... yes
#12 11.45 checking whether cc accepts -g... yes
#12 11.47 checking for cc option to enable C11 features... none needed
#12 11.49 checking how to run the C preprocessor... cc -E
#12 11.52 checking for egrep -e... (cached) /bin/grep -E
#12 11.52 checking for icc... no
#12 11.52 checking for suncc... no
#12 11.53 checking for system library directory... lib
#12 11.53 checking if compiler supports -Wl,-rpath,... yes
#12 11.54 checking build system type... aarch64-unknown-linux-musl
#12 11.55 checking host system type... aarch64-unknown-linux-musl
#12 11.55 checking target system type... aarch64-unknown-linux-musl
#12 11.57 checking for PHP prefix... /usr/local
#12 11.57 checking for PHP includes... -I/usr/local/include/php -I/usr/local/include/php/main -I/usr/local/include/php/TSRM -I/usr/local/include/php/Zend -I/usr/local/include/php/ext -I/usr/local/include/php/ext/date/lib
#12 11.57 checking for PHP extension directory... /usr/local/lib/php/extensions/no-debug-non-zts-20230831
#12 11.57 checking for PHP installed headers prefix... /usr/local/include/php
#12 11.57 checking if debug is enabled... no
#12 11.57 checking if zts is enabled... no
#12 11.58 checking for gawk... no
#12 11.58 checking for nawk... no
#12 11.58 checking for awk... awk
#12 11.58 checking if awk is broken... no
#12 11.58 checking whether to enable bc style precision math functions... yes, shared
#12 11.59 checking for a sed that does not truncate output... /bin/sed
#12 11.59 checking for ld used by cc... /usr/aarch64-alpine-linux-musl/bin/ld
#12 11.59 checking if the linker (/usr/aarch64-alpine-linux-musl/bin/ld) is GNU ld... yes
#12 11.59 checking for /usr/aarch64-alpine-linux-musl/bin/ld option to reload object files... -r
#12 11.59 checking for BSD-compatible nm... /usr/bin/nm -B
#12 11.59 checking whether ln -s works... yes
#12 11.59 checking how to recognize dependent libraries... pass_all
#12 11.59 checking for stdio.h... yes
#12 11.60 checking for stdlib.h... yes
#12 11.61 checking for string.h... yes
#12 11.62 checking for inttypes.h... yes
#12 11.63 checking for stdint.h... yes
#12 11.64 checking for strings.h... yes
#12 11.65 checking for sys/stat.h... yes
#12 11.66 checking for sys/types.h... yes
#12 11.66 checking for unistd.h... yes
#12 11.68 checking for dlfcn.h... yes
#12 11.69 checking the maximum length of command line arguments... 98304
#12 11.69 checking command to parse /usr/bin/nm -B output from cc object... ok
#12 11.71 checking for objdir... .libs
#12 11.71 checking for ar... ar
#12 11.71 checking for ranlib... ranlib
#12 11.71 checking for strip... strip
#12 11.74 checking if cc supports -fno-rtti -fno-exceptions... no
#12 11.74 checking for cc option to produce PIC... -fPIC
#12 11.74 checking if cc PIC flag -fPIC works... yes
#12 11.75 checking if cc static flag -static works... yes
#12 11.77 checking if cc supports -c -o file.o... yes
#12 11.78 checking whether the cc linker (/usr/aarch64-alpine-linux-musl/bin/ld) supports shared libraries... yes
#12 11.79 checking whether -lc should be explicitly linked in... no
#12 11.80 checking dynamic linker characteristics... GNU/Linux ld.so
#12 11.80 checking how to hardcode library paths into programs... immediate
#12 11.80 checking whether stripping libraries is possible... yes
#12 11.80 checking if libtool supports shared libraries... yes
#12 11.80 checking whether to build shared libraries... yes
#12 11.80 checking whether to build static libraries... no
#12 11.83 
#12 11.83 creating libtool
#12 11.84 appending configuration tag "CXX" to libtool
#12 11.87 configure: patching config.h.in
#12 11.87 configure: creating ./config.status
#12 11.88 config.status: creating config.h
#12 11.89 /bin/sh /usr/src/php/ext/bcmath/libtool --tag=CC --mode=compile cc -I. -I/usr/src/php/ext/bcmath -I/usr/src/php/ext/bcmath/include -I/usr/src/php/ext/bcmath/main -I/usr/src/php/ext/bcmath -I/usr/local/include/php -I/usr/local/include/php/main -I/usr/local/include/php/TSRM -I/usr/local/include/php/Zend -I/usr/local/include/php/ext -I/usr/local/include/php/ext/date/lib  -fstack-protector-strong -fpic -fpie -O2 -D_LARGEFILE_SOURCE -D_FILE_OFFSET_BITS=64 -DHAVE_CONFIG_H  -fstack-protector-strong -fpic -fpie -O2 -D_LARGEFILE_SOURCE -D_FILE_OFFSET_BITS=64 -D_GNU_SOURCE   -I/usr/src/php/ext/bcmath/libbcmath/src -DZEND_ENABLE_STATIC_TSRMLS_CACHE=1 -DZEND_COMPILE_DL_EXT=1 -c /usr/src/php/ext/bcmath/bcmath.c -o bcmath.lo  -MMD -MF bcmath.dep -MT bcmath.lo
#12 11.89 /bin/sh /usr/src/php/ext/bcmath/libtool --tag=CC --mode=compile cc -I. -I/usr/src/php/ext/bcmath -I/usr/src/php/ext/bcmath/include -I/usr/src/php/ext/bcmath/main -I/usr/src/php/ext/bcmath -I/usr/local/include/php -I/usr/local/include/php/main -I/usr/local/include/php/TSRM -I/usr/local/include/php/Zend -I/usr/local/include/php/ext -I/usr/local/include/php/ext/date/lib  -fstack-protector-strong -fpic -fpie -O2 -D_LARGEFILE_SOURCE -D_FILE_OFFSET_BITS=64 -DHAVE_CONFIG_H  -fstack-protector-strong -fpic -fpie -O2 -D_LARGEFILE_SOURCE -D_FILE_OFFSET_BITS=64 -D_GNU_SOURCE   -I/usr/src/php/ext/bcmath/libbcmath/src -DZEND_ENABLE_STATIC_TSRMLS_CACHE=1 -DZEND_COMPILE_DL_EXT=1 -c /usr/src/php/ext/bcmath/libbcmath/src/add.c -o libbcmath/src/add.lo  -MMD -MF libbcmath/src/add.dep -MT libbcmath/src/add.lo
#12 11.89 /bin/sh /usr/src/php/ext/bcmath/libtool --tag=CC --mode=compile cc -I. -I/usr/src/php/ext/bcmath -I/usr/src/php/ext/bcmath/include -I/usr/src/php/ext/bcmath/main -I/usr/src/php/ext/bcmath -I/usr/local/include/php -I/usr/local/include/php/main -I/usr/local/include/php/TSRM -I/usr/local/include/php/Zend -I/usr/local/include/php/ext -I/usr/local/include/php/ext/date/lib  -fstack-protector-strong -fpic -fpie -O2 -D_LARGEFILE_SOURCE -D_FILE_OFFSET_BITS=64 -DHAVE_CONFIG_H  -fstack-protector-strong -fpic -fpie -O2 -D_LARGEFILE_SOURCE -D_FILE_OFFSET_BITS=64 -D_GNU_SOURCE   -I/usr/src/php/ext/bcmath/libbcmath/src -DZEND_ENABLE_STATIC_TSRMLS_CACHE=1 -DZEND_COMPILE_DL_EXT=1 -c /usr/src/php/ext/bcmath/libbcmath/src/div.c -o libbcmath/src/div.lo  -MMD -MF libbcmath/src/div.dep -MT libbcmath/src/div.lo
#12 11.90 /bin/sh /usr/src/php/ext/bcmath/libtool --tag=CC --mode=compile cc -I. -I/usr/src/php/ext/bcmath -I/usr/src/php/ext/bcmath/include -I/usr/src/php/ext/bcmath/main -I/usr/src/php/ext/bcmath -I/usr/local/include/php -I/usr/local/include/php/main -I/usr/local/include/php/TSRM -I/usr/local/include/php/Zend -I/usr/local/include/php/ext -I/usr/local/include/php/ext/date/lib  -fstack-protector-strong -fpic -fpie -O2 -D_LARGEFILE_SOURCE -D_FILE_OFFSET_BITS=64 -DHAVE_CONFIG_H  -fstack-protector-strong -fpic -fpie -O2 -D_LARGEFILE_SOURCE -D_FILE_OFFSET_BITS=64 -D_GNU_SOURCE   -I/usr/src/php/ext/bcmath/libbcmath/src -DZEND_ENABLE_STATIC_TSRMLS_CACHE=1 -DZEND_COMPILE_DL_EXT=1 -c /usr/src/php/ext/bcmath/libbcmath/src/init.c -o libbcmath/src/init.lo  -MMD -MF libbcmath/src/init.dep -MT libbcmath/src/init.lo
#12 11.90 /bin/sh /usr/src/php/ext/bcmath/libtool --tag=CC --mode=compile cc -I. -I/usr/src/php/ext/bcmath -I/usr/src/php/ext/bcmath/include -I/usr/src/php/ext/bcmath/main -I/usr/src/php/ext/bcmath -I/usr/local/include/php -I/usr/local/include/php/main -I/usr/local/include/php/TSRM -I/usr/local/include/php/Zend -I/usr/local/include/php/ext -I/usr/local/include/php/ext/date/lib  -fstack-protector-strong -fpic -fpie -O2 -D_LARGEFILE_SOURCE -D_FILE_OFFSET_BITS=64 -DHAVE_CONFIG_H  -fstack-protector-strong -fpic -fpie -O2 -D_LARGEFILE_SOURCE -D_FILE_OFFSET_BITS=64 -D_GNU_SOURCE   -I/usr/src/php/ext/bcmath/libbcmath/src -DZEND_ENABLE_STATIC_TSRMLS_CACHE=1 -DZEND_COMPILE_DL_EXT=1 -c /usr/src/php/ext/bcmath/libbcmath/src/neg.c -o libbcmath/src/neg.lo  -MMD -MF libbcmath/src/neg.dep -MT libbcmath/src/neg.lo
#12 11.90 /bin/sh /usr/src/php/ext/bcmath/libtool --tag=CC --mode=compile cc -I. -I/usr/src/php/ext/bcmath -I/usr/src/php/ext/bcmath/include -I/usr/src/php/ext/bcmath/main -I/usr/src/php/ext/bcmath -I/usr/local/include/php -I/usr/local/include/php/main -I/usr/local/include/php/TSRM -I/usr/local/include/php/Zend -I/usr/local/include/php/ext -I/usr/local/include/php/ext/date/lib  -fstack-protector-strong -fpic -fpie -O2 -D_LARGEFILE_SOURCE -D_FILE_OFFSET_BITS=64 -DHAVE_CONFIG_H  -fstack-protector-strong -fpic -fpie -O2 -D_LARGEFILE_SOURCE -D_FILE_OFFSET_BITS=64 -D_GNU_SOURCE   -I/usr/src/php/ext/bcmath/libbcmath/src -DZEND_ENABLE_STATIC_TSRMLS_CACHE=1 -DZEND_COMPILE_DL_EXT=1 -c /usr/src/php/ext/bcmath/libbcmath/src/raisemod.c -o libbcmath/src/raisemod.lo  -MMD -MF libbcmath/src/raisemod.dep -MT libbcmath/src/raisemod.lo
#12 11.90 /bin/sh /usr/src/php/ext/bcmath/libtool --tag=CC --mode=compile cc -I. -I/usr/src/php/ext/bcmath -I/usr/src/php/ext/bcmath/include -I/usr/src/php/ext/bcmath/main -I/usr/src/php/ext/bcmath -I/usr/local/include/php -I/usr/local/include/php/main -I/usr/local/include/php/TSRM -I/usr/local/include/php/Zend -I/usr/local/include/php/ext -I/usr/local/include/php/ext/date/lib  -fstack-protector-strong -fpic -fpie -O2 -D_LARGEFILE_SOURCE -D_FILE_OFFSET_BITS=64 -DHAVE_CONFIG_H  -fstack-protector-strong -fpic -fpie -O2 -D_LARGEFILE_SOURCE -D_FILE_OFFSET_BITS=64 -D_GNU_SOURCE   -I/usr/src/php/ext/bcmath/libbcmath/src -DZEND_ENABLE_STATIC_TSRMLS_CACHE=1 -DZEND_COMPILE_DL_EXT=1 -c /usr/src/php/ext/bcmath/libbcmath/src/sub.c -o libbcmath/src/sub.lo  -MMD -MF libbcmath/src/sub.dep -MT libbcmath/src/sub.lo
#12 11.90 /bin/sh /usr/src/php/ext/bcmath/libtool --tag=CC --mode=compile cc -I. -I/usr/src/php/ext/bcmath -I/usr/src/php/ext/bcmath/include -I/usr/src/php/ext/bcmath/main -I/usr/src/php/ext/bcmath -I/usr/local/include/php -I/usr/local/include/php/main -I/usr/local/include/php/TSRM -I/usr/local/include/php/Zend -I/usr/local/include/php/ext -I/usr/local/include/php/ext/date/lib  -fstack-protector-strong -fpic -fpie -O2 -D_LARGEFILE_SOURCE -D_FILE_OFFSET_BITS=64 -DHAVE_CONFIG_H  -fstack-protector-strong -fpic -fpie -O2 -D_LARGEFILE_SOURCE -D_FILE_OFFSET_BITS=64 -D_GNU_SOURCE   -I/usr/src/php/ext/bcmath/libbcmath/src -DZEND_ENABLE_STATIC_TSRMLS_CACHE=1 -DZEND_COMPILE_DL_EXT=1 -c /usr/src/php/ext/bcmath/libbcmath/src/compare.c -o libbcmath/src/compare.lo  -MMD -MF libbcmath/src/compare.dep -MT libbcmath/src/compare.lo
#12 11.90 /bin/sh /usr/src/php/ext/bcmath/libtool --tag=CC --mode=compile cc -I. -I/usr/src/php/ext/bcmath -I/usr/src/php/ext/bcmath/include -I/usr/src/php/ext/bcmath/main -I/usr/src/php/ext/bcmath -I/usr/local/include/php -I/usr/local/include/php/main -I/usr/local/include/php/TSRM -I/usr/local/include/php/Zend -I/usr/local/include/php/ext -I/usr/local/include/php/ext/date/lib  -fstack-protector-strong -fpic -fpie -O2 -D_LARGEFILE_SOURCE -D_FILE_OFFSET_BITS=64 -DHAVE_CONFIG_H  -fstack-protector-strong -fpic -fpie -O2 -D_LARGEFILE_SOURCE -D_FILE_OFFSET_BITS=64 -D_GNU_SOURCE   -I/usr/src/php/ext/bcmath/libbcmath/src -DZEND_ENABLE_STATIC_TSRMLS_CACHE=1 -DZEND_COMPILE_DL_EXT=1 -c /usr/src/php/ext/bcmath/libbcmath/src/divmod.c -o libbcmath/src/divmod.lo  -MMD -MF libbcmath/src/divmod.dep -MT libbcmath/src/divmod.lo
#12 11.90 /bin/sh /usr/src/php/ext/bcmath/libtool --tag=CC --mode=compile cc -I. -I/usr/src/php/ext/bcmath -I/usr/src/php/ext/bcmath/include -I/usr/src/php/ext/bcmath/main -I/usr/src/php/ext/bcmath -I/usr/local/include/php -I/usr/local/include/php/main -I/usr/local/include/php/TSRM -I/usr/local/include/php/Zend -I/usr/local/include/php/ext -I/usr/local/include/php/ext/date/lib  -fstack-protector-strong -fpic -fpie -O2 -D_LARGEFILE_SOURCE -D_FILE_OFFSET_BITS=64 -DHAVE_CONFIG_H  -fstack-protector-strong -fpic -fpie -O2 -D_LARGEFILE_SOURCE -D_FILE_OFFSET_BITS=64 -D_GNU_SOURCE   -I/usr/src/php/ext/bcmath/libbcmath/src -DZEND_ENABLE_STATIC_TSRMLS_CACHE=1 -DZEND_COMPILE_DL_EXT=1 -c /usr/src/php/ext/bcmath/libbcmath/src/int2num.c -o libbcmath/src/int2num.lo  -MMD -MF libbcmath/src/int2num.dep -MT libbcmath/src/int2num.lo
#12 11.90 /bin/sh /usr/src/php/ext/bcmath/libtool --tag=CC --mode=compile cc -I. -I/usr/src/php/ext/bcmath -I/usr/src/php/ext/bcmath/include -I/usr/src/php/ext/bcmath/main -I/usr/src/php/ext/bcmath -I/usr/local/include/php -I/usr/local/include/php/main -I/usr/local/include/php/TSRM -I/usr/local/include/php/Zend -I/usr/local/include/php/ext -I/usr/local/include/php/ext/date/lib  -fstack-protector-strong -fpic -fpie -O2 -D_LARGEFILE_SOURCE -D_FILE_OFFSET_BITS=64 -DHAVE_CONFIG_H  -fstack-protector-strong -fpic -fpie -O2 -D_LARGEFILE_SOURCE -D_FILE_OFFSET_BITS=64 -D_GNU_SOURCE   -I/usr/src/php/ext/bcmath/libbcmath/src -DZEND_ENABLE_STATIC_TSRMLS_CACHE=1 -DZEND_COMPILE_DL_EXT=1 -c /usr/src/php/ext/bcmath/libbcmath/src/num2long.c -o libbcmath/src/num2long.lo  -MMD -MF libbcmath/src/num2long.dep -MT libbcmath/src/num2long.lo
#12 11.90 /bin/sh /usr/src/php/ext/bcmath/libtool --tag=CC --mode=compile cc -I. -I/usr/src/php/ext/bcmath -I/usr/src/php/ext/bcmath/include -I/usr/src/php/ext/bcmath/main -I/usr/src/php/ext/bcmath -I/usr/local/include/php -I/usr/local/include/php/main -I/usr/local/include/php/TSRM -I/usr/local/include/php/Zend -I/usr/local/include/php/ext -I/usr/local/include/php/ext/date/lib  -fstack-protector-strong -fpic -fpie -O2 -D_LARGEFILE_SOURCE -D_FILE_OFFSET_BITS=64 -DHAVE_CONFIG_H  -fstack-protector-strong -fpic -fpie -O2 -D_LARGEFILE_SOURCE -D_FILE_OFFSET_BITS=64 -D_GNU_SOURCE   -I/usr/src/php/ext/bcmath/libbcmath/src -DZEND_ENABLE_STATIC_TSRMLS_CACHE=1 -DZEND_COMPILE_DL_EXT=1 -c /usr/src/php/ext/bcmath/libbcmath/src/output.c -o libbcmath/src/output.lo  -MMD -MF libbcmath/src/output.dep -MT libbcmath/src/output.lo
#12 11.95 mkdir .libs
#12 11.95  cc -I. -I/usr/src/php/ext/bcmath -I/usr/src/php/ext/bcmath/include -I/usr/src/php/ext/bcmath/main -I/usr/src/php/ext/bcmath -I/usr/local/include/php -I/usr/local/include/php/main -I/usr/local/include/php/TSRM -I/usr/local/include/php/Zend -I/usr/local/include/php/ext -I/usr/local/include/php/ext/date/lib -fstack-protector-strong -fpic -fpie -O2 -D_LARGEFILE_SOURCE -D_FILE_OFFSET_BITS=64 -DHAVE_CONFIG_H -fstack-protector-strong -fpic -fpie -O2 -D_LARGEFILE_SOURCE -D_FILE_OFFSET_BITS=64 -D_GNU_SOURCE -I/usr/src/php/ext/bcmath/libbcmath/src -DZEND_ENABLE_STATIC_TSRMLS_CACHE=1 -DZEND_COMPILE_DL_EXT=1 -c /usr/src/php/ext/bcmath/bcmath.c -MMD -MF bcmath.dep -MT bcmath.lo  -fPIC -DPIC -o .libs/bcmath.o
#12 11.95 mkdir libbcmath/src/.libs
#12 11.95 mkdir libbcmath/src/.libs
#12 11.95 mkdir: can't create directory 'libbcmath/src/.libs': File exists
#12 11.95  cc -I. -I/usr/src/php/ext/bcmath -I/usr/src/php/ext/bcmath/include -I/usr/src/php/ext/bcmath/main -I/usr/src/php/ext/bcmath -I/usr/local/include/php -I/usr/local/include/php/main -I/usr/local/include/php/TSRM -I/usr/local/include/php/Zend -I/usr/local/include/php/ext -I/usr/local/include/php/ext/date/lib -fstack-protector-strong -fpic -fpie -O2 -D_LARGEFILE_SOURCE -D_FILE_OFFSET_BITS=64 -DHAVE_CONFIG_H -fstack-protector-strong -fpic -fpie -O2 -D_LARGEFILE_SOURCE -D_FILE_OFFSET_BITS=64 -D_GNU_SOURCE -I/usr/src/php/ext/bcmath/libbcmath/src -DZEND_ENABLE_STATIC_TSRMLS_CACHE=1 -DZEND_COMPILE_DL_EXT=1 -c /usr/src/php/ext/bcmath/libbcmath/src/raisemod.c -MMD -MF libbcmath/src/raisemod.dep -MT libbcmath/src/raisemod.lo  -fPIC -DPIC -o libbcmath/src/.libs/raisemod.o
#12 11.95  cc -I. -I/usr/src/php/ext/bcmath -I/usr/src/php/ext/bcmath/include -I/usr/src/php/ext/bcmath/main -I/usr/src/php/ext/bcmath -I/usr/local/include/php -I/usr/local/include/php/main -I/usr/local/include/php/TSRM -I/usr/local/include/php/Zend -I/usr/local/include/php/ext -I/usr/local/include/php/ext/date/lib -fstack-protector-strong -fpic -fpie -O2 -D_LARGEFILE_SOURCE -D_FILE_OFFSET_BITS=64 -DHAVE_CONFIG_H -fstack-protector-strong -fpic -fpie -O2 -D_LARGEFILE_SOURCE -D_FILE_OFFSET_BITS=64 -D_GNU_SOURCE -I/usr/src/php/ext/bcmath/libbcmath/src -DZEND_ENABLE_STATIC_TSRMLS_CACHE=1 -DZEND_COMPILE_DL_EXT=1 -c /usr/src/php/ext/bcmath/libbcmath/src/neg.c -MMD -MF libbcmath/src/neg.dep -MT libbcmath/src/neg.lo  -fPIC -DPIC -o libbcmath/src/.libs/neg.o
#12 11.95  cc -I. -I/usr/src/php/ext/bcmath -I/usr/src/php/ext/bcmath/include -I/usr/src/php/ext/bcmath/main -I/usr/src/php/ext/bcmath -I/usr/local/include/php -I/usr/local/include/php/main -I/usr/local/include/php/TSRM -I/usr/local/include/php/Zend -I/usr/local/include/php/ext -I/usr/local/include/php/ext/date/lib -fstack-protector-strong -fpic -fpie -O2 -D_LARGEFILE_SOURCE -D_FILE_OFFSET_BITS=64 -DHAVE_CONFIG_H -fstack-protector-strong -fpic -fpie -O2 -D_LARGEFILE_SOURCE -D_FILE_OFFSET_BITS=64 -D_GNU_SOURCE -I/usr/src/php/ext/bcmath/libbcmath/src -DZEND_ENABLE_STATIC_TSRMLS_CACHE=1 -DZEND_COMPILE_DL_EXT=1 -c /usr/src/php/ext/bcmath/libbcmath/src/sub.c -MMD -MF libbcmath/src/sub.dep -MT libbcmath/src/sub.lo  -fPIC -DPIC -o libbcmath/src/.libs/sub.o
#12 11.95  cc -I. -I/usr/src/php/ext/bcmath -I/usr/src/php/ext/bcmath/include -I/usr/src/php/ext/bcmath/main -I/usr/src/php/ext/bcmath -I/usr/local/include/php -I/usr/local/include/php/main -I/usr/local/include/php/TSRM -I/usr/local/include/php/Zend -I/usr/local/include/php/ext -I/usr/local/include/php/ext/date/lib -fstack-protector-strong -fpic -fpie -O2 -D_LARGEFILE_SOURCE -D_FILE_OFFSET_BITS=64 -DHAVE_CONFIG_H -fstack-protector-strong -fpic -fpie -O2 -D_LARGEFILE_SOURCE -D_FILE_OFFSET_BITS=64 -D_GNU_SOURCE -I/usr/src/php/ext/bcmath/libbcmath/src -DZEND_ENABLE_STATIC_TSRMLS_CACHE=1 -DZEND_COMPILE_DL_EXT=1 -c /usr/src/php/ext/bcmath/libbcmath/src/compare.c -MMD -MF libbcmath/src/compare.dep -MT libbcmath/src/compare.lo  -fPIC -DPIC -o libbcmath/src/.libs/compare.o
#12 11.95  cc -I. -I/usr/src/php/ext/bcmath -I/usr/src/php/ext/bcmath/include -I/usr/src/php/ext/bcmath/main -I/usr/src/php/ext/bcmath -I/usr/local/include/php -I/usr/local/include/php/main -I/usr/local/include/php/TSRM -I/usr/local/include/php/Zend -I/usr/local/include/php/ext -I/usr/local/include/php/ext/date/lib -fstack-protector-strong -fpic -fpie -O2 -D_LARGEFILE_SOURCE -D_FILE_OFFSET_BITS=64 -DHAVE_CONFIG_H -fstack-protector-strong -fpic -fpie -O2 -D_LARGEFILE_SOURCE -D_FILE_OFFSET_BITS=64 -D_GNU_SOURCE -I/usr/src/php/ext/bcmath/libbcmath/src -DZEND_ENABLE_STATIC_TSRMLS_CACHE=1 -DZEND_COMPILE_DL_EXT=1 -c /usr/src/php/ext/bcmath/libbcmath/src/num2long.c -MMD -MF libbcmath/src/num2long.dep -MT libbcmath/src/num2long.lo  -fPIC -DPIC -o libbcmath/src/.libs/num2long.o
#12 11.95  cc -I. -I/usr/src/php/ext/bcmath -I/usr/src/php/ext/bcmath/include -I/usr/src/php/ext/bcmath/main -I/usr/src/php/ext/bcmath -I/usr/local/include/php -I/usr/local/include/php/main -I/usr/local/include/php/TSRM -I/usr/local/include/php/Zend -I/usr/local/include/php/ext -I/usr/local/include/php/ext/date/lib -fstack-protector-strong -fpic -fpie -O2 -D_LARGEFILE_SOURCE -D_FILE_OFFSET_BITS=64 -DHAVE_CONFIG_H -fstack-protector-strong -fpic -fpie -O2 -D_LARGEFILE_SOURCE -D_FILE_OFFSET_BITS=64 -D_GNU_SOURCE -I/usr/src/php/ext/bcmath/libbcmath/src -DZEND_ENABLE_STATIC_TSRMLS_CACHE=1 -DZEND_COMPILE_DL_EXT=1 -c /usr/src/php/ext/bcmath/libbcmath/src/init.c -MMD -MF libbcmath/src/init.dep -MT libbcmath/src/init.lo  -fPIC -DPIC -o libbcmath/src/.libs/init.o
#12 11.95  cc -I. -I/usr/src/php/ext/bcmath -I/usr/src/php/ext/bcmath/include -I/usr/src/php/ext/bcmath/main -I/usr/src/php/ext/bcmath -I/usr/local/include/php -I/usr/local/include/php/main -I/usr/local/include/php/TSRM -I/usr/local/include/php/Zend -I/usr/local/include/php/ext -I/usr/local/include/php/ext/date/lib -fstack-protector-strong -fpic -fpie -O2 -D_LARGEFILE_SOURCE -D_FILE_OFFSET_BITS=64 -DHAVE_CONFIG_H -fstack-protector-strong -fpic -fpie -O2 -D_LARGEFILE_SOURCE -D_FILE_OFFSET_BITS=64 -D_GNU_SOURCE -I/usr/src/php/ext/bcmath/libbcmath/src -DZEND_ENABLE_STATIC_TSRMLS_CACHE=1 -DZEND_COMPILE_DL_EXT=1 -c /usr/src/php/ext/bcmath/libbcmath/src/div.c -MMD -MF libbcmath/src/div.dep -MT libbcmath/src/div.lo  -fPIC -DPIC -o libbcmath/src/.libs/div.o
#12 11.95  cc -I. -I/usr/src/php/ext/bcmath -I/usr/src/php/ext/bcmath/include -I/usr/src/php/ext/bcmath/main -I/usr/src/php/ext/bcmath -I/usr/local/include/php -I/usr/local/include/php/main -I/usr/local/include/php/TSRM -I/usr/local/include/php/Zend -I/usr/local/include/php/ext -I/usr/local/include/php/ext/date/lib -fstack-protector-strong -fpic -fpie -O2 -D_LARGEFILE_SOURCE -D_FILE_OFFSET_BITS=64 -DHAVE_CONFIG_H -fstack-protector-strong -fpic -fpie -O2 -D_LARGEFILE_SOURCE -D_FILE_OFFSET_BITS=64 -D_GNU_SOURCE -I/usr/src/php/ext/bcmath/libbcmath/src -DZEND_ENABLE_STATIC_TSRMLS_CACHE=1 -DZEND_COMPILE_DL_EXT=1 -c /usr/src/php/ext/bcmath/libbcmath/src/int2num.c -MMD -MF libbcmath/src/int2num.dep -MT libbcmath/src/int2num.lo  -fPIC -DPIC -o libbcmath/src/.libs/int2num.o
#12 11.96  cc -I. -I/usr/src/php/ext/bcmath -I/usr/src/php/ext/bcmath/include -I/usr/src/php/ext/bcmath/main -I/usr/src/php/ext/bcmath -I/usr/local/include/php -I/usr/local/include/php/main -I/usr/local/include/php/TSRM -I/usr/local/include/php/Zend -I/usr/local/include/php/ext -I/usr/local/include/php/ext/date/lib -fstack-protector-strong -fpic -fpie -O2 -D_LARGEFILE_SOURCE -D_FILE_OFFSET_BITS=64 -DHAVE_CONFIG_H -fstack-protector-strong -fpic -fpie -O2 -D_LARGEFILE_SOURCE -D_FILE_OFFSET_BITS=64 -D_GNU_SOURCE -I/usr/src/php/ext/bcmath/libbcmath/src -DZEND_ENABLE_STATIC_TSRMLS_CACHE=1 -DZEND_COMPILE_DL_EXT=1 -c /usr/src/php/ext/bcmath/libbcmath/src/add.c -MMD -MF libbcmath/src/add.dep -MT libbcmath/src/add.lo  -fPIC -DPIC -o libbcmath/src/.libs/add.o
#12 11.96  cc -I. -I/usr/src/php/ext/bcmath -I/usr/src/php/ext/bcmath/include -I/usr/src/php/ext/bcmath/main -I/usr/src/php/ext/bcmath -I/usr/local/include/php -I/usr/local/include/php/main -I/usr/local/include/php/TSRM -I/usr/local/include/php/Zend -I/usr/local/include/php/ext -I/usr/local/include/php/ext/date/lib -fstack-protector-strong -fpic -fpie -O2 -D_LARGEFILE_SOURCE -D_FILE_OFFSET_BITS=64 -DHAVE_CONFIG_H -fstack-protector-strong -fpic -fpie -O2 -D_LARGEFILE_SOURCE -D_FILE_OFFSET_BITS=64 -D_GNU_SOURCE -I/usr/src/php/ext/bcmath/libbcmath/src -DZEND_ENABLE_STATIC_TSRMLS_CACHE=1 -DZEND_COMPILE_DL_EXT=1 -c /usr/src/php/ext/bcmath/libbcmath/src/output.c -MMD -MF libbcmath/src/output.dep -MT libbcmath/src/output.lo  -fPIC -DPIC -o libbcmath/src/.libs/output.o
#12 11.96  cc -I. -I/usr/src/php/ext/bcmath -I/usr/src/php/ext/bcmath/include -I/usr/src/php/ext/bcmath/main -I/usr/src/php/ext/bcmath -I/usr/local/include/php -I/usr/local/include/php/main -I/usr/local/include/php/TSRM -I/usr/local/include/php/Zend -I/usr/local/include/php/ext -I/usr/local/include/php/ext/date/lib -fstack-protector-strong -fpic -fpie -O2 -D_LARGEFILE_SOURCE -D_FILE_OFFSET_BITS=64 -DHAVE_CONFIG_H -fstack-protector-strong -fpic -fpie -O2 -D_LARGEFILE_SOURCE -D_FILE_OFFSET_BITS=64 -D_GNU_SOURCE -I/usr/src/php/ext/bcmath/libbcmath/src -DZEND_ENABLE_STATIC_TSRMLS_CACHE=1 -DZEND_COMPILE_DL_EXT=1 -c /usr/src/php/ext/bcmath/libbcmath/src/divmod.c -MMD -MF libbcmath/src/divmod.dep -MT libbcmath/src/divmod.lo  -fPIC -DPIC -o libbcmath/src/.libs/divmod.o
#12 12.24 /bin/sh /usr/src/php/ext/bcmath/libtool --tag=CC --mode=compile cc -I. -I/usr/src/php/ext/bcmath -I/usr/src/php/ext/bcmath/include -I/usr/src/php/ext/bcmath/main -I/usr/src/php/ext/bcmath -I/usr/local/include/php -I/usr/local/include/php/main -I/usr/local/include/php/TSRM -I/usr/local/include/php/Zend -I/usr/local/include/php/ext -I/usr/local/include/php/ext/date/lib  -fstack-protector-strong -fpic -fpie -O2 -D_LARGEFILE_SOURCE -D_FILE_OFFSET_BITS=64 -DHAVE_CONFIG_H  -fstack-protector-strong -fpic -fpie -O2 -D_LARGEFILE_SOURCE -D_FILE_OFFSET_BITS=64 -D_GNU_SOURCE   -I/usr/src/php/ext/bcmath/libbcmath/src -DZEND_ENABLE_STATIC_TSRMLS_CACHE=1 -DZEND_COMPILE_DL_EXT=1 -c /usr/src/php/ext/bcmath/libbcmath/src/recmul.c -o libbcmath/src/recmul.lo  -MMD -MF libbcmath/src/recmul.dep -MT libbcmath/src/recmul.lo
#12 12.25 /bin/sh /usr/src/php/ext/bcmath/libtool --tag=CC --mode=compile cc -I. -I/usr/src/php/ext/bcmath -I/usr/src/php/ext/bcmath/include -I/usr/src/php/ext/bcmath/main -I/usr/src/php/ext/bcmath -I/usr/local/include/php -I/usr/local/include/php/main -I/usr/local/include/php/TSRM -I/usr/local/include/php/Zend -I/usr/local/include/php/ext -I/usr/local/include/php/ext/date/lib  -fstack-protector-strong -fpic -fpie -O2 -D_LARGEFILE_SOURCE -D_FILE_OFFSET_BITS=64 -DHAVE_CONFIG_H  -fstack-protector-strong -fpic -fpie -O2 -D_LARGEFILE_SOURCE -D_FILE_OFFSET_BITS=64 -D_GNU_SOURCE   -I/usr/src/php/ext/bcmath/libbcmath/src -DZEND_ENABLE_STATIC_TSRMLS_CACHE=1 -DZEND_COMPILE_DL_EXT=1 -c /usr/src/php/ext/bcmath/libbcmath/src/sqrt.c -o libbcmath/src/sqrt.lo  -MMD -MF libbcmath/src/sqrt.dep -MT libbcmath/src/sqrt.lo
#12 12.26 /bin/sh /usr/src/php/ext/bcmath/libtool --tag=CC --mode=compile cc -I. -I/usr/src/php/ext/bcmath -I/usr/src/php/ext/bcmath/include -I/usr/src/php/ext/bcmath/main -I/usr/src/php/ext/bcmath -I/usr/local/include/php -I/usr/local/include/php/main -I/usr/local/include/php/TSRM -I/usr/local/include/php/Zend -I/usr/local/include/php/ext -I/usr/local/include/php/ext/date/lib  -fstack-protector-strong -fpic -fpie -O2 -D_LARGEFILE_SOURCE -D_FILE_OFFSET_BITS=64 -DHAVE_CONFIG_H  -fstack-protector-strong -fpic -fpie -O2 -D_LARGEFILE_SOURCE -D_FILE_OFFSET_BITS=64 -D_GNU_SOURCE   -I/usr/src/php/ext/bcmath/libbcmath/src -DZEND_ENABLE_STATIC_TSRMLS_CACHE=1 -DZEND_COMPILE_DL_EXT=1 -c /usr/src/php/ext/bcmath/libbcmath/src/zero.c -o libbcmath/src/zero.lo  -MMD -MF libbcmath/src/zero.dep -MT libbcmath/src/zero.lo
#12 12.26 /bin/sh /usr/src/php/ext/bcmath/libtool --tag=CC --mode=compile cc -I. -I/usr/src/php/ext/bcmath -I/usr/src/php/ext/bcmath/include -I/usr/src/php/ext/bcmath/main -I/usr/src/php/ext/bcmath -I/usr/local/include/php -I/usr/local/include/php/main -I/usr/local/include/php/TSRM -I/usr/local/include/php/Zend -I/usr/local/include/php/ext -I/usr/local/include/php/ext/date/lib  -fstack-protector-strong -fpic -fpie -O2 -D_LARGEFILE_SOURCE -D_FILE_OFFSET_BITS=64 -DHAVE_CONFIG_H  -fstack-protector-strong -fpic -fpie -O2 -D_LARGEFILE_SOURCE -D_FILE_OFFSET_BITS=64 -D_GNU_SOURCE   -I/usr/src/php/ext/bcmath/libbcmath/src -DZEND_ENABLE_STATIC_TSRMLS_CACHE=1 -DZEND_COMPILE_DL_EXT=1 -c /usr/src/php/ext/bcmath/libbcmath/src/debug.c -o libbcmath/src/debug.lo  -MMD -MF libbcmath/src/debug.dep -MT libbcmath/src/debug.lo
#12 12.26 /bin/sh /usr/src/php/ext/bcmath/libtool --tag=CC --mode=compile cc -I. -I/usr/src/php/ext/bcmath -I/usr/src/php/ext/bcmath/include -I/usr/src/php/ext/bcmath/main -I/usr/src/php/ext/bcmath -I/usr/local/include/php -I/usr/local/include/php/main -I/usr/local/include/php/TSRM -I/usr/local/include/php/Zend -I/usr/local/include/php/ext -I/usr/local/include/php/ext/date/lib  -fstack-protector-strong -fpic -fpie -O2 -D_LARGEFILE_SOURCE -D_FILE_OFFSET_BITS=64 -DHAVE_CONFIG_H  -fstack-protector-strong -fpic -fpie -O2 -D_LARGEFILE_SOURCE -D_FILE_OFFSET_BITS=64 -D_GNU_SOURCE   -I/usr/src/php/ext/bcmath/libbcmath/src -DZEND_ENABLE_STATIC_TSRMLS_CACHE=1 -DZEND_COMPILE_DL_EXT=1 -c /usr/src/php/ext/bcmath/libbcmath/src/doaddsub.c -o libbcmath/src/doaddsub.lo  -MMD -MF libbcmath/src/doaddsub.dep -MT libbcmath/src/doaddsub.lo
#12 12.26 /bin/sh /usr/src/php/ext/bcmath/libtool --tag=CC --mode=compile cc -I. -I/usr/src/php/ext/bcmath -I/usr/src/php/ext/bcmath/include -I/usr/src/php/ext/bcmath/main -I/usr/src/php/ext/bcmath -I/usr/local/include/php -I/usr/local/include/php/main -I/usr/local/include/php/TSRM -I/usr/local/include/php/Zend -I/usr/local/include/php/ext -I/usr/local/include/php/ext/date/lib  -fstack-protector-strong -fpic -fpie -O2 -D_LARGEFILE_SOURCE -D_FILE_OFFSET_BITS=64 -DHAVE_CONFIG_H  -fstack-protector-strong -fpic -fpie -O2 -D_LARGEFILE_SOURCE -D_FILE_OFFSET_BITS=64 -D_GNU_SOURCE   -I/usr/src/php/ext/bcmath/libbcmath/src -DZEND_ENABLE_STATIC_TSRMLS_CACHE=1 -DZEND_COMPILE_DL_EXT=1 -c /usr/src/php/ext/bcmath/libbcmath/src/nearzero.c -o libbcmath/src/nearzero.lo  -MMD -MF libbcmath/src/nearzero.dep -MT libbcmath/src/nearzero.lo
#12 12.26 /bin/sh /usr/src/php/ext/bcmath/libtool --tag=CC --mode=compile cc -I. -I/usr/src/php/ext/bcmath -I/usr/src/php/ext/bcmath/include -I/usr/src/php/ext/bcmath/main -I/usr/src/php/ext/bcmath -I/usr/local/include/php -I/usr/local/include/php/main -I/usr/local/include/php/TSRM -I/usr/local/include/php/Zend -I/usr/local/include/php/ext -I/usr/local/include/php/ext/date/lib  -fstack-protector-strong -fpic -fpie -O2 -D_LARGEFILE_SOURCE -D_FILE_OFFSET_BITS=64 -DHAVE_CONFIG_H  -fstack-protector-strong -fpic -fpie -O2 -D_LARGEFILE_SOURCE -D_FILE_OFFSET_BITS=64 -D_GNU_SOURCE   -I/usr/src/php/ext/bcmath/libbcmath/src -DZEND_ENABLE_STATIC_TSRMLS_CACHE=1 -DZEND_COMPILE_DL_EXT=1 -c /usr/src/php/ext/bcmath/libbcmath/src/num2str.c -o libbcmath/src/num2str.lo  -MMD -MF libbcmath/src/num2str.dep -MT libbcmath/src/num2str.lo
#12 12.26 /bin/sh /usr/src/php/ext/bcmath/libtool --tag=CC --mode=compile cc -I. -I/usr/src/php/ext/bcmath -I/usr/src/php/ext/bcmath/include -I/usr/src/php/ext/bcmath/main -I/usr/src/php/ext/bcmath -I/usr/local/include/php -I/usr/local/include/php/main -I/usr/local/include/php/TSRM -I/usr/local/include/php/Zend -I/usr/local/include/php/ext -I/usr/local/include/php/ext/date/lib  -fstack-protector-strong -fpic -fpie -O2 -D_LARGEFILE_SOURCE -D_FILE_OFFSET_BITS=64 -DHAVE_CONFIG_H  -fstack-protector-strong -fpic -fpie -O2 -D_LARGEFILE_SOURCE -D_FILE_OFFSET_BITS=64 -D_GNU_SOURCE   -I/usr/src/php/ext/bcmath/libbcmath/src -DZEND_ENABLE_STATIC_TSRMLS_CACHE=1 -DZEND_COMPILE_DL_EXT=1 -c /usr/src/php/ext/bcmath/libbcmath/src/raise.c -o libbcmath/src/raise.lo  -MMD -MF libbcmath/src/raise.dep -MT libbcmath/src/raise.lo
#12 12.27 /bin/sh /usr/src/php/ext/bcmath/libtool --tag=CC --mode=compile cc -I. -I/usr/src/php/ext/bcmath -I/usr/src/php/ext/bcmath/include -I/usr/src/php/ext/bcmath/main -I/usr/src/php/ext/bcmath -I/usr/local/include/php -I/usr/local/include/php/main -I/usr/local/include/php/TSRM -I/usr/local/include/php/Zend -I/usr/local/include/php/ext -I/usr/local/include/php/ext/date/lib  -fstack-protector-strong -fpic -fpie -O2 -D_LARGEFILE_SOURCE -D_FILE_OFFSET_BITS=64 -DHAVE_CONFIG_H  -fstack-protector-strong -fpic -fpie -O2 -D_LARGEFILE_SOURCE -D_FILE_OFFSET_BITS=64 -D_GNU_SOURCE   -I/usr/src/php/ext/bcmath/libbcmath/src -DZEND_ENABLE_STATIC_TSRMLS_CACHE=1 -DZEND_COMPILE_DL_EXT=1 -c /usr/src/php/ext/bcmath/libbcmath/src/rmzero.c -o libbcmath/src/rmzero.lo  -MMD -MF libbcmath/src/rmzero.dep -MT libbcmath/src/rmzero.lo
#12 12.28 /bin/sh /usr/src/php/ext/bcmath/libtool --tag=CC --mode=compile cc -I. -I/usr/src/php/ext/bcmath -I/usr/src/php/ext/bcmath/include -I/usr/src/php/ext/bcmath/main -I/usr/src/php/ext/bcmath -I/usr/local/include/php -I/usr/local/include/php/main -I/usr/local/include/php/TSRM -I/usr/local/include/php/Zend -I/usr/local/include/php/ext -I/usr/local/include/php/ext/date/lib  -fstack-protector-strong -fpic -fpie -O2 -D_LARGEFILE_SOURCE -D_FILE_OFFSET_BITS=64 -DHAVE_CONFIG_H  -fstack-protector-strong -fpic -fpie -O2 -D_LARGEFILE_SOURCE -D_FILE_OFFSET_BITS=64 -D_GNU_SOURCE   -I/usr/src/php/ext/bcmath/libbcmath/src -DZEND_ENABLE_STATIC_TSRMLS_CACHE=1 -DZEND_COMPILE_DL_EXT=1 -c /usr/src/php/ext/bcmath/libbcmath/src/str2num.c -o libbcmath/src/str2num.lo  -MMD -MF libbcmath/src/str2num.dep -MT libbcmath/src/str2num.lo
#12 12.30  cc -I. -I/usr/src/php/ext/bcmath -I/usr/src/php/ext/bcmath/include -I/usr/src/php/ext/bcmath/main -I/usr/src/php/ext/bcmath -I/usr/local/include/php -I/usr/local/include/php/main -I/usr/local/include/php/TSRM -I/usr/local/include/php/Zend -I/usr/local/include/php/ext -I/usr/local/include/php/ext/date/lib -fstack-protector-strong -fpic -fpie -O2 -D_LARGEFILE_SOURCE -D_FILE_OFFSET_BITS=64 -DHAVE_CONFIG_H -fstack-protector-strong -fpic -fpie -O2 -D_LARGEFILE_SOURCE -D_FILE_OFFSET_BITS=64 -D_GNU_SOURCE -I/usr/src/php/ext/bcmath/libbcmath/src -DZEND_ENABLE_STATIC_TSRMLS_CACHE=1 -DZEND_COMPILE_DL_EXT=1 -c /usr/src/php/ext/bcmath/libbcmath/src/recmul.c -MMD -MF libbcmath/src/recmul.dep -MT libbcmath/src/recmul.lo  -fPIC -DPIC -o libbcmath/src/.libs/recmul.o
#12 12.31  cc -I. -I/usr/src/php/ext/bcmath -I/usr/src/php/ext/bcmath/include -I/usr/src/php/ext/bcmath/main -I/usr/src/php/ext/bcmath -I/usr/local/include/php -I/usr/local/include/php/main -I/usr/local/include/php/TSRM -I/usr/local/include/php/Zend -I/usr/local/include/php/ext -I/usr/local/include/php/ext/date/lib -fstack-protector-strong -fpic -fpie -O2 -D_LARGEFILE_SOURCE -D_FILE_OFFSET_BITS=64 -DHAVE_CONFIG_H -fstack-protector-strong -fpic -fpie -O2 -D_LARGEFILE_SOURCE -D_FILE_OFFSET_BITS=64 -D_GNU_SOURCE -I/usr/src/php/ext/bcmath/libbcmath/src -DZEND_ENABLE_STATIC_TSRMLS_CACHE=1 -DZEND_COMPILE_DL_EXT=1 -c /usr/src/php/ext/bcmath/libbcmath/src/doaddsub.c -MMD -MF libbcmath/src/doaddsub.dep -MT libbcmath/src/doaddsub.lo  -fPIC -DPIC -o libbcmath/src/.libs/doaddsub.o
#12 12.31  cc -I. -I/usr/src/php/ext/bcmath -I/usr/src/php/ext/bcmath/include -I/usr/src/php/ext/bcmath/main -I/usr/src/php/ext/bcmath -I/usr/local/include/php -I/usr/local/include/php/main -I/usr/local/include/php/TSRM -I/usr/local/include/php/Zend -I/usr/local/include/php/ext -I/usr/local/include/php/ext/date/lib -fstack-protector-strong -fpic -fpie -O2 -D_LARGEFILE_SOURCE -D_FILE_OFFSET_BITS=64 -DHAVE_CONFIG_H -fstack-protector-strong -fpic -fpie -O2 -D_LARGEFILE_SOURCE -D_FILE_OFFSET_BITS=64 -D_GNU_SOURCE -I/usr/src/php/ext/bcmath/libbcmath/src -DZEND_ENABLE_STATIC_TSRMLS_CACHE=1 -DZEND_COMPILE_DL_EXT=1 -c /usr/src/php/ext/bcmath/libbcmath/src/sqrt.c -MMD -MF libbcmath/src/sqrt.dep -MT libbcmath/src/sqrt.lo  -fPIC -DPIC -o libbcmath/src/.libs/sqrt.o
#12 12.31  cc -I. -I/usr/src/php/ext/bcmath -I/usr/src/php/ext/bcmath/include -I/usr/src/php/ext/bcmath/main -I/usr/src/php/ext/bcmath -I/usr/local/include/php -I/usr/local/include/php/main -I/usr/local/include/php/TSRM -I/usr/local/include/php/Zend -I/usr/local/include/php/ext -I/usr/local/include/php/ext/date/lib -fstack-protector-strong -fpic -fpie -O2 -D_LARGEFILE_SOURCE -D_FILE_OFFSET_BITS=64 -DHAVE_CONFIG_H -fstack-protector-strong -fpic -fpie -O2 -D_LARGEFILE_SOURCE -D_FILE_OFFSET_BITS=64 -D_GNU_SOURCE -I/usr/src/php/ext/bcmath/libbcmath/src -DZEND_ENABLE_STATIC_TSRMLS_CACHE=1 -DZEND_COMPILE_DL_EXT=1 -c /usr/src/php/ext/bcmath/libbcmath/src/nearzero.c -MMD -MF libbcmath/src/nearzero.dep -MT libbcmath/src/nearzero.lo  -fPIC -DPIC -o libbcmath/src/.libs/nearzero.o
#12 12.32  cc -I. -I/usr/src/php/ext/bcmath -I/usr/src/php/ext/bcmath/include -I/usr/src/php/ext/bcmath/main -I/usr/src/php/ext/bcmath -I/usr/local/include/php -I/usr/local/include/php/main -I/usr/local/include/php/TSRM -I/usr/local/include/php/Zend -I/usr/local/include/php/ext -I/usr/local/include/php/ext/date/lib -fstack-protector-strong -fpic -fpie -O2 -D_LARGEFILE_SOURCE -D_FILE_OFFSET_BITS=64 -DHAVE_CONFIG_H -fstack-protector-strong -fpic -fpie -O2 -D_LARGEFILE_SOURCE -D_FILE_OFFSET_BITS=64 -D_GNU_SOURCE -I/usr/src/php/ext/bcmath/libbcmath/src -DZEND_ENABLE_STATIC_TSRMLS_CACHE=1 -DZEND_COMPILE_DL_EXT=1 -c /usr/src/php/ext/bcmath/libbcmath/src/num2str.c -MMD -MF libbcmath/src/num2str.dep -MT libbcmath/src/num2str.lo  -fPIC -DPIC -o libbcmath/src/.libs/num2str.o
#12 12.32  cc -I. -I/usr/src/php/ext/bcmath -I/usr/src/php/ext/bcmath/include -I/usr/src/php/ext/bcmath/main -I/usr/src/php/ext/bcmath -I/usr/local/include/php -I/usr/local/include/php/main -I/usr/local/include/php/TSRM -I/usr/local/include/php/Zend -I/usr/local/include/php/ext -I/usr/local/include/php/ext/date/lib -fstack-protector-strong -fpic -fpie -O2 -D_LARGEFILE_SOURCE -D_FILE_OFFSET_BITS=64 -DHAVE_CONFIG_H -fstack-protector-strong -fpic -fpie -O2 -D_LARGEFILE_SOURCE -D_FILE_OFFSET_BITS=64 -D_GNU_SOURCE -I/usr/src/php/ext/bcmath/libbcmath/src -DZEND_ENABLE_STATIC_TSRMLS_CACHE=1 -DZEND_COMPILE_DL_EXT=1 -c /usr/src/php/ext/bcmath/libbcmath/src/debug.c -MMD -MF libbcmath/src/debug.dep -MT libbcmath/src/debug.lo  -fPIC -DPIC -o libbcmath/src/.libs/debug.o
#12 12.32  cc -I. -I/usr/src/php/ext/bcmath -I/usr/src/php/ext/bcmath/include -I/usr/src/php/ext/bcmath/main -I/usr/src/php/ext/bcmath -I/usr/local/include/php -I/usr/local/include/php/main -I/usr/local/include/php/TSRM -I/usr/local/include/php/Zend -I/usr/local/include/php/ext -I/usr/local/include/php/ext/date/lib -fstack-protector-strong -fpic -fpie -O2 -D_LARGEFILE_SOURCE -D_FILE_OFFSET_BITS=64 -DHAVE_CONFIG_H -fstack-protector-strong -fpic -fpie -O2 -D_LARGEFILE_SOURCE -D_FILE_OFFSET_BITS=64 -D_GNU_SOURCE -I/usr/src/php/ext/bcmath/libbcmath/src -DZEND_ENABLE_STATIC_TSRMLS_CACHE=1 -DZEND_COMPILE_DL_EXT=1 -c /usr/src/php/ext/bcmath/libbcmath/src/zero.c -MMD -MF libbcmath/src/zero.dep -MT libbcmath/src/zero.lo  -fPIC -DPIC -o libbcmath/src/.libs/zero.o
#12 12.32  cc -I. -I/usr/src/php/ext/bcmath -I/usr/src/php/ext/bcmath/include -I/usr/src/php/ext/bcmath/main -I/usr/src/php/ext/bcmath -I/usr/local/include/php -I/usr/local/include/php/main -I/usr/local/include/php/TSRM -I/usr/local/include/php/Zend -I/usr/local/include/php/ext -I/usr/local/include/php/ext/date/lib -fstack-protector-strong -fpic -fpie -O2 -D_LARGEFILE_SOURCE -D_FILE_OFFSET_BITS=64 -DHAVE_CONFIG_H -fstack-protector-strong -fpic -fpie -O2 -D_LARGEFILE_SOURCE -D_FILE_OFFSET_BITS=64 -D_GNU_SOURCE -I/usr/src/php/ext/bcmath/libbcmath/src -DZEND_ENABLE_STATIC_TSRMLS_CACHE=1 -DZEND_COMPILE_DL_EXT=1 -c /usr/src/php/ext/bcmath/libbcmath/src/raise.c -MMD -MF libbcmath/src/raise.dep -MT libbcmath/src/raise.lo  -fPIC -DPIC -o libbcmath/src/.libs/raise.o
#12 12.33  cc -I. -I/usr/src/php/ext/bcmath -I/usr/src/php/ext/bcmath/include -I/usr/src/php/ext/bcmath/main -I/usr/src/php/ext/bcmath -I/usr/local/include/php -I/usr/local/include/php/main -I/usr/local/include/php/TSRM -I/usr/local/include/php/Zend -I/usr/local/include/php/ext -I/usr/local/include/php/ext/date/lib -fstack-protector-strong -fpic -fpie -O2 -D_LARGEFILE_SOURCE -D_FILE_OFFSET_BITS=64 -DHAVE_CONFIG_H -fstack-protector-strong -fpic -fpie -O2 -D_LARGEFILE_SOURCE -D_FILE_OFFSET_BITS=64 -D_GNU_SOURCE -I/usr/src/php/ext/bcmath/libbcmath/src -DZEND_ENABLE_STATIC_TSRMLS_CACHE=1 -DZEND_COMPILE_DL_EXT=1 -c /usr/src/php/ext/bcmath/libbcmath/src/rmzero.c -MMD -MF libbcmath/src/rmzero.dep -MT libbcmath/src/rmzero.lo  -fPIC -DPIC -o libbcmath/src/.libs/rmzero.o
#12 12.36  cc -I. -I/usr/src/php/ext/bcmath -I/usr/src/php/ext/bcmath/include -I/usr/src/php/ext/bcmath/main -I/usr/src/php/ext/bcmath -I/usr/local/include/php -I/usr/local/include/php/main -I/usr/local/include/php/TSRM -I/usr/local/include/php/Zend -I/usr/local/include/php/ext -I/usr/local/include/php/ext/date/lib -fstack-protector-strong -fpic -fpie -O2 -D_LARGEFILE_SOURCE -D_FILE_OFFSET_BITS=64 -DHAVE_CONFIG_H -fstack-protector-strong -fpic -fpie -O2 -D_LARGEFILE_SOURCE -D_FILE_OFFSET_BITS=64 -D_GNU_SOURCE -I/usr/src/php/ext/bcmath/libbcmath/src -DZEND_ENABLE_STATIC_TSRMLS_CACHE=1 -DZEND_COMPILE_DL_EXT=1 -c /usr/src/php/ext/bcmath/libbcmath/src/str2num.c -MMD -MF libbcmath/src/str2num.dep -MT libbcmath/src/str2num.lo  -fPIC -DPIC -o libbcmath/src/.libs/str2num.o
#12 12.62 /bin/sh /usr/src/php/ext/bcmath/libtool --tag=CC --mode=link cc -shared -I/usr/src/php/ext/bcmath/include -I/usr/src/php/ext/bcmath/main -I/usr/src/php/ext/bcmath -I/usr/local/include/php -I/usr/local/include/php/main -I/usr/local/include/php/TSRM -I/usr/local/include/php/Zend -I/usr/local/include/php/ext -I/usr/local/include/php/ext/date/lib  -fstack-protector-strong -fpic -fpie -O2 -D_LARGEFILE_SOURCE -D_FILE_OFFSET_BITS=64 -DHAVE_CONFIG_H  -fstack-protector-strong -fpic -fpie -O2 -D_LARGEFILE_SOURCE -D_FILE_OFFSET_BITS=64 -D_GNU_SOURCE  -Wl,-O1 -pie  -o bcmath.la -export-dynamic -avoid-version -prefer-pic -module -rpath /usr/src/php/ext/bcmath/modules  bcmath.lo libbcmath/src/add.lo libbcmath/src/div.lo libbcmath/src/init.lo libbcmath/src/neg.lo libbcmath/src/raisemod.lo libbcmath/src/sub.lo libbcmath/src/compare.lo libbcmath/src/divmod.lo libbcmath/src/int2num.lo libbcmath/src/num2long.lo libbcmath/src/output.lo libbcmath/src/recmul.lo libbcmath/src/sqrt.lo libbcmath/src/zero.lo libbcmath/src/debug.lo libbcmath/src/doaddsub.lo libbcmath/src/nearzero.lo libbcmath/src/num2str.lo libbcmath/src/raise.lo libbcmath/src/rmzero.lo libbcmath/src/str2num.lo 
#12 12.66 cc -shared  .libs/bcmath.o libbcmath/src/.libs/add.o libbcmath/src/.libs/div.o libbcmath/src/.libs/init.o libbcmath/src/.libs/neg.o libbcmath/src/.libs/raisemod.o libbcmath/src/.libs/sub.o libbcmath/src/.libs/compare.o libbcmath/src/.libs/divmod.o libbcmath/src/.libs/int2num.o libbcmath/src/.libs/num2long.o libbcmath/src/.libs/output.o libbcmath/src/.libs/recmul.o libbcmath/src/.libs/sqrt.o libbcmath/src/.libs/zero.o libbcmath/src/.libs/debug.o libbcmath/src/.libs/doaddsub.o libbcmath/src/.libs/nearzero.o libbcmath/src/.libs/num2str.o libbcmath/src/.libs/raise.o libbcmath/src/.libs/rmzero.o libbcmath/src/.libs/str2num.o   -Wl,-O1 -Wl,-soname -Wl,bcmath.so -o .libs/bcmath.so
#12 12.67 creating bcmath.la
#12 12.67 (cd .libs && rm -f bcmath.la && ln -s ../bcmath.la bcmath.la)
#12 12.67 /bin/sh /usr/src/php/ext/bcmath/libtool --tag=CC --mode=install cp ./bcmath.la /usr/src/php/ext/bcmath/modules
#12 12.68 cp ./.libs/bcmath.so /usr/src/php/ext/bcmath/modules/bcmath.so
#12 12.68 cp ./.libs/bcmath.lai /usr/src/php/ext/bcmath/modules/bcmath.la
#12 12.68 PATH="$PATH:/sbin" ldconfig -n /usr/src/php/ext/bcmath/modules
#12 12.68 ----------------------------------------------------------------------
#12 12.68 Libraries have been installed in:
#12 12.68    /usr/src/php/ext/bcmath/modules
#12 12.68 
#12 12.68 If you ever happen to want to link against installed libraries
#12 12.68 in a given directory, LIBDIR, you must either use libtool, and
#12 12.68 specify the full pathname of the library, or use the `-LLIBDIR'
#12 12.68 flag during linking and do at least one of the following:
#12 12.68    - add LIBDIR to the `LD_LIBRARY_PATH' environment variable
#12 12.68      during execution
#12 12.68    - add LIBDIR to the `LD_RUN_PATH' environment variable
#12 12.68      during linking
#12 12.68    - use the `-Wl,--rpath -Wl,LIBDIR' linker flag
#12 12.68 
#12 12.68 See any operating system documentation about shared libraries for
#12 12.68 more information, such as the ld(1) and ld.so(8) manual pages.
#12 12.68 ----------------------------------------------------------------------
#12 12.68 
#12 12.68 Build complete.
#12 12.68 Don't forget to run 'make test'.
#12 12.68 
#12 12.69 + strip --strip-all modules/bcmath.so
#12 12.70 Installing shared extensions:     /usr/local/lib/php/extensions/no-debug-non-zts-20230831/
#12 12.74 find . -name \*.gcno -o -name \*.gcda | xargs rm -f
#12 12.74 find . -name \*.lo -o -name \*.o -o -name \*.dep | xargs rm -f
#12 12.74 find . -name \*.la -o -name \*.a | xargs rm -f
#12 12.74 find . -name \*.so | xargs rm -f
#12 12.74 find . -name .libs -a -type d|xargs rm -rf
#12 12.74 rm -f libphp.la      modules/* libs/*
#12 12.74 rm -f ext/opcache/jit/zend_jit_x86.c
#12 12.74 rm -f ext/opcache/jit/zend_jit_arm64.c
#12 12.74 rm -f ext/opcache/minilua
#12 12.75 /bin/sh /usr/src/php/ext/gd/libtool --tag=CC --mode=compile cc -I. -I/usr/src/php/ext/gd -I/usr/src/php/ext/gd/include -I/usr/src/php/ext/gd/main -I/usr/src/php/ext/gd -I/usr/local/include/php -I/usr/local/include/php/main -I/usr/local/include/php/TSRM -I/usr/local/include/php/Zend -I/usr/local/include/php/ext -I/usr/local/include/php/ext/date/lib -I/usr/include/libpng16 -I/usr/include/freetype2  -fstack-protector-strong -fpic -fpie -O2 -D_LARGEFILE_SOURCE -D_FILE_OFFSET_BITS=64 -DHAVE_CONFIG_H  -fstack-protector-strong -fpic -fpie -O2 -D_LARGEFILE_SOURCE -D_FILE_OFFSET_BITS=64 -D_GNU_SOURCE   -Wno-strict-prototypes -I/usr/src/php/ext/gd/libgd -DZEND_COMPILE_DL_EXT=1 -c /usr/src/php/ext/gd/gd.c -o gd.lo  -MMD -MF gd.dep -MT gd.lo
#12 12.75 /bin/sh /usr/src/php/ext/gd/libtool --tag=CC --mode=compile cc -I. -I/usr/src/php/ext/gd -I/usr/src/php/ext/gd/include -I/usr/src/php/ext/gd/main -I/usr/src/php/ext/gd -I/usr/local/include/php -I/usr/local/include/php/main -I/usr/local/include/php/TSRM -I/usr/local/include/php/Zend -I/usr/local/include/php/ext -I/usr/local/include/php/ext/date/lib -I/usr/include/libpng16 -I/usr/include/freetype2  -fstack-protector-strong -fpic -fpie -O2 -D_LARGEFILE_SOURCE -D_FILE_OFFSET_BITS=64 -DHAVE_CONFIG_H  -fstack-protector-strong -fpic -fpie -O2 -D_LARGEFILE_SOURCE -D_FILE_OFFSET_BITS=64 -D_GNU_SOURCE   -Wno-strict-prototypes -I/usr/src/php/ext/gd/libgd -DZEND_COMPILE_DL_EXT=1 -c /usr/src/php/ext/gd/libgd/gd.c -o libgd/gd.lo  -MMD -MF libgd/gd.dep -MT libgd/gd.lo
#12 12.75 /bin/sh /usr/src/php/ext/gd/libtool --tag=CC --mode=compile cc -I. -I/usr/src/php/ext/gd -I/usr/src/php/ext/gd/include -I/usr/src/php/ext/gd/main -I/usr/src/php/ext/gd -I/usr/local/include/php -I/usr/local/include/php/main -I/usr/local/include/php/TSRM -I/usr/local/include/php/Zend -I/usr/local/include/php/ext -I/usr/local/include/php/ext/date/lib -I/usr/include/libpng16 -I/usr/include/freetype2  -fstack-protector-strong -fpic -fpie -O2 -D_LARGEFILE_SOURCE -D_FILE_OFFSET_BITS=64 -DHAVE_CONFIG_H  -fstack-protector-strong -fpic -fpie -O2 -D_LARGEFILE_SOURCE -D_FILE_OFFSET_BITS=64 -D_GNU_SOURCE   -Wno-strict-prototypes -I/usr/src/php/ext/gd/libgd -DZEND_COMPILE_DL_EXT=1 -c /usr/src/php/ext/gd/libgd/gd_gd.c -o libgd/gd_gd.lo  -MMD -MF libgd/gd_gd.dep -MT libgd/gd_gd.lo
#12 12.75 /bin/sh /usr/src/php/ext/gd/libtool --tag=CC --mode=compile cc -I. -I/usr/src/php/ext/gd -I/usr/src/php/ext/gd/include -I/usr/src/php/ext/gd/main -I/usr/src/php/ext/gd -I/usr/local/include/php -I/usr/local/include/php/main -I/usr/local/include/php/TSRM -I/usr/local/include/php/Zend -I/usr/local/include/php/ext -I/usr/local/include/php/ext/date/lib -I/usr/include/libpng16 -I/usr/include/freetype2  -fstack-protector-strong -fpic -fpie -O2 -D_LARGEFILE_SOURCE -D_FILE_OFFSET_BITS=64 -DHAVE_CONFIG_H  -fstack-protector-strong -fpic -fpie -O2 -D_LARGEFILE_SOURCE -D_FILE_OFFSET_BITS=64 -D_GNU_SOURCE   -Wno-strict-prototypes -I/usr/src/php/ext/gd/libgd -DZEND_COMPILE_DL_EXT=1 -c /usr/src/php/ext/gd/libgd/gd_gd2.c -o libgd/gd_gd2.lo  -MMD -MF libgd/gd_gd2.dep -MT libgd/gd_gd2.lo
#12 12.75 /bin/sh /usr/src/php/ext/gd/libtool --tag=CC --mode=compile cc -I. -I/usr/src/php/ext/gd -I/usr/src/php/ext/gd/include -I/usr/src/php/ext/gd/main -I/usr/src/php/ext/gd -I/usr/local/include/php -I/usr/local/include/php/main -I/usr/local/include/php/TSRM -I/usr/local/include/php/Zend -I/usr/local/include/php/ext -I/usr/local/include/php/ext/date/lib -I/usr/include/libpng16 -I/usr/include/freetype2  -fstack-protector-strong -fpic -fpie -O2 -D_LARGEFILE_SOURCE -D_FILE_OFFSET_BITS=64 -DHAVE_CONFIG_H  -fstack-protector-strong -fpic -fpie -O2 -D_LARGEFILE_SOURCE -D_FILE_OFFSET_BITS=64 -D_GNU_SOURCE   -Wno-strict-prototypes -I/usr/src/php/ext/gd/libgd -DZEND_COMPILE_DL_EXT=1 -c /usr/src/php/ext/gd/libgd/gd_io.c -o libgd/gd_io.lo  -MMD -MF libgd/gd_io.dep -MT libgd/gd_io.lo
#12 12.75 /bin/sh /usr/src/php/ext/gd/libtool --tag=CC --mode=compile cc -I. -I/usr/src/php/ext/gd -I/usr/src/php/ext/gd/include -I/usr/src/php/ext/gd/main -I/usr/src/php/ext/gd -I/usr/local/include/php -I/usr/local/include/php/main -I/usr/local/include/php/TSRM -I/usr/local/include/php/Zend -I/usr/local/include/php/ext -I/usr/local/include/php/ext/date/lib -I/usr/include/libpng16 -I/usr/include/freetype2  -fstack-protector-strong -fpic -fpie -O2 -D_LARGEFILE_SOURCE -D_FILE_OFFSET_BITS=64 -DHAVE_CONFIG_H  -fstack-protector-strong -fpic -fpie -O2 -D_LARGEFILE_SOURCE -D_FILE_OFFSET_BITS=64 -D_GNU_SOURCE   -Wno-strict-prototypes -I/usr/src/php/ext/gd/libgd -DZEND_COMPILE_DL_EXT=1 -c /usr/src/php/ext/gd/libgd/gd_io_dp.c -o libgd/gd_io_dp.lo  -MMD -MF libgd/gd_io_dp.dep -MT libgd/gd_io_dp.lo
#12 12.75 /bin/sh /usr/src/php/ext/gd/libtool --tag=CC --mode=compile cc -I. -I/usr/src/php/ext/gd -I/usr/src/php/ext/gd/include -I/usr/src/php/ext/gd/main -I/usr/src/php/ext/gd -I/usr/local/include/php -I/usr/local/include/php/main -I/usr/local/include/php/TSRM -I/usr/local/include/php/Zend -I/usr/local/include/php/ext -I/usr/local/include/php/ext/date/lib -I/usr/include/libpng16 -I/usr/include/freetype2  -fstack-protector-strong -fpic -fpie -O2 -D_LARGEFILE_SOURCE -D_FILE_OFFSET_BITS=64 -DHAVE_CONFIG_H  -fstack-protector-strong -fpic -fpie -O2 -D_LARGEFILE_SOURCE -D_FILE_OFFSET_BITS=64 -D_GNU_SOURCE   -Wno-strict-prototypes -I/usr/src/php/ext/gd/libgd -DZEND_COMPILE_DL_EXT=1 -c /usr/src/php/ext/gd/libgd/gd_io_file.c -o libgd/gd_io_file.lo  -MMD -MF libgd/gd_io_file.dep -MT libgd/gd_io_file.lo
#12 12.75 /bin/sh /usr/src/php/ext/gd/libtool --tag=CC --mode=compile cc -I. -I/usr/src/php/ext/gd -I/usr/src/php/ext/gd/include -I/usr/src/php/ext/gd/main -I/usr/src/php/ext/gd -I/usr/local/include/php -I/usr/local/include/php/main -I/usr/local/include/php/TSRM -I/usr/local/include/php/Zend -I/usr/local/include/php/ext -I/usr/local/include/php/ext/date/lib -I/usr/include/libpng16 -I/usr/include/freetype2  -fstack-protector-strong -fpic -fpie -O2 -D_LARGEFILE_SOURCE -D_FILE_OFFSET_BITS=64 -DHAVE_CONFIG_H  -fstack-protector-strong -fpic -fpie -O2 -D_LARGEFILE_SOURCE -D_FILE_OFFSET_BITS=64 -D_GNU_SOURCE   -Wno-strict-prototypes -I/usr/src/php/ext/gd/libgd -DZEND_COMPILE_DL_EXT=1 -c /usr/src/php/ext/gd/libgd/gd_ss.c -o libgd/gd_ss.lo  -MMD -MF libgd/gd_ss.dep -MT libgd/gd_ss.lo
#12 12.75 /bin/sh /usr/src/php/ext/gd/libtool --tag=CC --mode=compile cc -I. -I/usr/src/php/ext/gd -I/usr/src/php/ext/gd/include -I/usr/src/php/ext/gd/main -I/usr/src/php/ext/gd -I/usr/local/include/php -I/usr/local/include/php/main -I/usr/local/include/php/TSRM -I/usr/local/include/php/Zend -I/usr/local/include/php/ext -I/usr/local/include/php/ext/date/lib -I/usr/include/libpng16 -I/usr/include/freetype2  -fstack-protector-strong -fpic -fpie -O2 -D_LARGEFILE_SOURCE -D_FILE_OFFSET_BITS=64 -DHAVE_CONFIG_H  -fstack-protector-strong -fpic -fpie -O2 -D_LARGEFILE_SOURCE -D_FILE_OFFSET_BITS=64 -D_GNU_SOURCE   -Wno-strict-prototypes -I/usr/src/php/ext/gd/libgd -DZEND_COMPILE_DL_EXT=1 -c /usr/src/php/ext/gd/libgd/gd_io_ss.c -o libgd/gd_io_ss.lo  -MMD -MF libgd/gd_io_ss.dep -MT libgd/gd_io_ss.lo
#12 12.75 /bin/sh /usr/src/php/ext/gd/libtool --tag=CC --mode=compile cc -I. -I/usr/src/php/ext/gd -I/usr/src/php/ext/gd/include -I/usr/src/php/ext/gd/main -I/usr/src/php/ext/gd -I/usr/local/include/php -I/usr/local/include/php/main -I/usr/local/include/php/TSRM -I/usr/local/include/php/Zend -I/usr/local/include/php/ext -I/usr/local/include/php/ext/date/lib -I/usr/include/libpng16 -I/usr/include/freetype2  -fstack-protector-strong -fpic -fpie -O2 -D_LARGEFILE_SOURCE -D_FILE_OFFSET_BITS=64 -DHAVE_CONFIG_H  -fstack-protector-strong -fpic -fpie -O2 -D_LARGEFILE_SOURCE -D_FILE_OFFSET_BITS=64 -D_GNU_SOURCE   -Wno-strict-prototypes -I/usr/src/php/ext/gd/libgd -DZEND_COMPILE_DL_EXT=1 -c /usr/src/php/ext/gd/libgd/gd_webp.c -o libgd/gd_webp.lo  -MMD -MF libgd/gd_webp.dep -MT libgd/gd_webp.lo
#12 12.75 /bin/sh /usr/src/php/ext/gd/libtool --tag=CC --mode=compile cc -I. -I/usr/src/php/ext/gd -I/usr/src/php/ext/gd/include -I/usr/src/php/ext/gd/main -I/usr/src/php/ext/gd -I/usr/local/include/php -I/usr/local/include/php/main -I/usr/local/include/php/TSRM -I/usr/local/include/php/Zend -I/usr/local/include/php/ext -I/usr/local/include/php/ext/date/lib -I/usr/include/libpng16 -I/usr/include/freetype2  -fstack-protector-strong -fpic -fpie -O2 -D_LARGEFILE_SOURCE -D_FILE_OFFSET_BITS=64 -DHAVE_CONFIG_H  -fstack-protector-strong -fpic -fpie -O2 -D_LARGEFILE_SOURCE -D_FILE_OFFSET_BITS=64 -D_GNU_SOURCE   -Wno-strict-prototypes -I/usr/src/php/ext/gd/libgd -DZEND_COMPILE_DL_EXT=1 -c /usr/src/php/ext/gd/libgd/gd_avif.c -o libgd/gd_avif.lo  -MMD -MF libgd/gd_avif.dep -MT libgd/gd_avif.lo
#12 12.75 /bin/sh /usr/src/php/ext/gd/libtool --tag=CC --mode=compile cc -I. -I/usr/src/php/ext/gd -I/usr/src/php/ext/gd/include -I/usr/src/php/ext/gd/main -I/usr/src/php/ext/gd -I/usr/local/include/php -I/usr/local/include/php/main -I/usr/local/include/php/TSRM -I/usr/local/include/php/Zend -I/usr/local/include/php/ext -I/usr/local/include/php/ext/date/lib -I/usr/include/libpng16 -I/usr/include/freetype2  -fstack-protector-strong -fpic -fpie -O2 -D_LARGEFILE_SOURCE -D_FILE_OFFSET_BITS=64 -DHAVE_CONFIG_H  -fstack-protector-strong -fpic -fpie -O2 -D_LARGEFILE_SOURCE -D_FILE_OFFSET_BITS=64 -D_GNU_SOURCE   -Wno-strict-prototypes -I/usr/src/php/ext/gd/libgd -DZEND_COMPILE_DL_EXT=1 -c /usr/src/php/ext/gd/libgd/gd_png.c -o libgd/gd_png.lo  -MMD -MF libgd/gd_png.dep -MT libgd/gd_png.lo
#12 12.83 mkdir libgd/.libs
#12 12.83 mkdir libgd/.libs
#12 12.83 mkdir: can't create directory 'libgd/.libs': File exists
#12 12.83 mkdir: can't create directory 'libgd/.libs': File exists
#12 12.83 mkdir libgd/.libs
#12 12.83  cc -I. -I/usr/src/php/ext/gd -I/usr/src/php/ext/gd/include -I/usr/src/php/ext/gd/main -I/usr/src/php/ext/gd -I/usr/local/include/php -I/usr/local/include/php/main -I/usr/local/include/php/TSRM -I/usr/local/include/php/Zend -I/usr/local/include/php/ext -I/usr/local/include/php/ext/date/lib -I/usr/include/libpng16 -I/usr/include/freetype2 -fstack-protector-strong -fpic -fpie -O2 -D_LARGEFILE_SOURCE -D_FILE_OFFSET_BITS=64 -DHAVE_CONFIG_H -fstack-protector-strong -fpic -fpie -O2 -D_LARGEFILE_SOURCE -D_FILE_OFFSET_BITS=64 -D_GNU_SOURCE -Wno-strict-prototypes -I/usr/src/php/ext/gd/libgd -DZEND_COMPILE_DL_EXT=1 -c /usr/src/php/ext/gd/libgd/gd_webp.c -MMD -MF libgd/gd_webp.dep -MT libgd/gd_webp.lo  -fPIC -DPIC -o libgd/.libs/gd_webp.o
#12 12.83  cc -I. -I/usr/src/php/ext/gd -I/usr/src/php/ext/gd/include -I/usr/src/php/ext/gd/main -I/usr/src/php/ext/gd -I/usr/local/include/php -I/usr/local/include/php/main -I/usr/local/include/php/TSRM -I/usr/local/include/php/Zend -I/usr/local/include/php/ext -I/usr/local/include/php/ext/date/lib -I/usr/include/libpng16 -I/usr/include/freetype2 -fstack-protector-strong -fpic -fpie -O2 -D_LARGEFILE_SOURCE -D_FILE_OFFSET_BITS=64 -DHAVE_CONFIG_H -fstack-protector-strong -fpic -fpie -O2 -D_LARGEFILE_SOURCE -D_FILE_OFFSET_BITS=64 -D_GNU_SOURCE -Wno-strict-prototypes -I/usr/src/php/ext/gd/libgd -DZEND_COMPILE_DL_EXT=1 -c /usr/src/php/ext/gd/libgd/gd_png.c -MMD -MF libgd/gd_png.dep -MT libgd/gd_png.lo  -fPIC -DPIC -o libgd/.libs/gd_png.o
#12 12.83  cc -I. -I/usr/src/php/ext/gd -I/usr/src/php/ext/gd/include -I/usr/src/php/ext/gd/main -I/usr/src/php/ext/gd -I/usr/local/include/php -I/usr/local/include/php/main -I/usr/local/include/php/TSRM -I/usr/local/include/php/Zend -I/usr/local/include/php/ext -I/usr/local/include/php/ext/date/lib -I/usr/include/libpng16 -I/usr/include/freetype2 -fstack-protector-strong -fpic -fpie -O2 -D_LARGEFILE_SOURCE -D_FILE_OFFSET_BITS=64 -DHAVE_CONFIG_H -fstack-protector-strong -fpic -fpie -O2 -D_LARGEFILE_SOURCE -D_FILE_OFFSET_BITS=64 -D_GNU_SOURCE -Wno-strict-prototypes -I/usr/src/php/ext/gd/libgd -DZEND_COMPILE_DL_EXT=1 -c /usr/src/php/ext/gd/libgd/gd_io.c -MMD -MF libgd/gd_io.dep -MT libgd/gd_io.lo  -fPIC -DPIC -o libgd/.libs/gd_io.o
#12 12.83  cc -I. -I/usr/src/php/ext/gd -I/usr/src/php/ext/gd/include -I/usr/src/php/ext/gd/main -I/usr/src/php/ext/gd -I/usr/local/include/php -I/usr/local/include/php/main -I/usr/local/include/php/TSRM -I/usr/local/include/php/Zend -I/usr/local/include/php/ext -I/usr/local/include/php/ext/date/lib -I/usr/include/libpng16 -I/usr/include/freetype2 -fstack-protector-strong -fpic -fpie -O2 -D_LARGEFILE_SOURCE -D_FILE_OFFSET_BITS=64 -DHAVE_CONFIG_H -fstack-protector-strong -fpic -fpie -O2 -D_LARGEFILE_SOURCE -D_FILE_OFFSET_BITS=64 -D_GNU_SOURCE -Wno-strict-prototypes -I/usr/src/php/ext/gd/libgd -DZEND_COMPILE_DL_EXT=1 -c /usr/src/php/ext/gd/libgd/gd_gd.c -MMD -MF libgd/gd_gd.dep -MT libgd/gd_gd.lo  -fPIC -DPIC -o libgd/.libs/gd_gd.o
#12 12.83  cc -I. -I/usr/src/php/ext/gd -I/usr/src/php/ext/gd/include -I/usr/src/php/ext/gd/main -I/usr/src/php/ext/gd -I/usr/local/include/php -I/usr/local/include/php/main -I/usr/local/include/php/TSRM -I/usr/local/include/php/Zend -I/usr/local/include/php/ext -I/usr/local/include/php/ext/date/lib -I/usr/include/libpng16 -I/usr/include/freetype2 -fstack-protector-strong -fpic -fpie -O2 -D_LARGEFILE_SOURCE -D_FILE_OFFSET_BITS=64 -DHAVE_CONFIG_H -fstack-protector-strong -fpic -fpie -O2 -D_LARGEFILE_SOURCE -D_FILE_OFFSET_BITS=64 -D_GNU_SOURCE -Wno-strict-prototypes -I/usr/src/php/ext/gd/libgd -DZEND_COMPILE_DL_EXT=1 -c /usr/src/php/ext/gd/libgd/gd_io_ss.c -MMD -MF libgd/gd_io_ss.dep -MT libgd/gd_io_ss.lo  -fPIC -DPIC -o libgd/.libs/gd_io_ss.o
#12 12.83  cc -I. -I/usr/src/php/ext/gd -I/usr/src/php/ext/gd/include -I/usr/src/php/ext/gd/main -I/usr/src/php/ext/gd -I/usr/local/include/php -I/usr/local/include/php/main -I/usr/local/include/php/TSRM -I/usr/local/include/php/Zend -I/usr/local/include/php/ext -I/usr/local/include/php/ext/date/lib -I/usr/include/libpng16 -I/usr/include/freetype2 -fstack-protector-strong -fpic -fpie -O2 -D_LARGEFILE_SOURCE -D_FILE_OFFSET_BITS=64 -DHAVE_CONFIG_H -fstack-protector-strong -fpic -fpie -O2 -D_LARGEFILE_SOURCE -D_FILE_OFFSET_BITS=64 -D_GNU_SOURCE -Wno-strict-prototypes -I/usr/src/php/ext/gd/libgd -DZEND_COMPILE_DL_EXT=1 -c /usr/src/php/ext/gd/libgd/gd_gd2.c -MMD -MF libgd/gd_gd2.dep -MT libgd/gd_gd2.lo  -fPIC -DPIC -o libgd/.libs/gd_gd2.o
#12 12.83  cc -I. -I/usr/src/php/ext/gd -I/usr/src/php/ext/gd/include -I/usr/src/php/ext/gd/main -I/usr/src/php/ext/gd -I/usr/local/include/php -I/usr/local/include/php/main -I/usr/local/include/php/TSRM -I/usr/local/include/php/Zend -I/usr/local/include/php/ext -I/usr/local/include/php/ext/date/lib -I/usr/include/libpng16 -I/usr/include/freetype2 -fstack-protector-strong -fpic -fpie -O2 -D_LARGEFILE_SOURCE -D_FILE_OFFSET_BITS=64 -DHAVE_CONFIG_H -fstack-protector-strong -fpic -fpie -O2 -D_LARGEFILE_SOURCE -D_FILE_OFFSET_BITS=64 -D_GNU_SOURCE -Wno-strict-prototypes -I/usr/src/php/ext/gd/libgd -DZEND_COMPILE_DL_EXT=1 -c /usr/src/php/ext/gd/libgd/gd_io_dp.c -MMD -MF libgd/gd_io_dp.dep -MT libgd/gd_io_dp.lo  -fPIC -DPIC -o libgd/.libs/gd_io_dp.o
#12 12.83  cc -I. -I/usr/src/php/ext/gd -I/usr/src/php/ext/gd/include -I/usr/src/php/ext/gd/main -I/usr/src/php/ext/gd -I/usr/local/include/php -I/usr/local/include/php/main -I/usr/local/include/php/TSRM -I/usr/local/include/php/Zend -I/usr/local/include/php/ext -I/usr/local/include/php/ext/date/lib -I/usr/include/libpng16 -I/usr/include/freetype2 -fstack-protector-strong -fpic -fpie -O2 -D_LARGEFILE_SOURCE -D_FILE_OFFSET_BITS=64 -DHAVE_CONFIG_H -fstack-protector-strong -fpic -fpie -O2 -D_LARGEFILE_SOURCE -D_FILE_OFFSET_BITS=64 -D_GNU_SOURCE -Wno-strict-prototypes -I/usr/src/php/ext/gd/libgd -DZEND_COMPILE_DL_EXT=1 -c /usr/src/php/ext/gd/libgd/gd_ss.c -MMD -MF libgd/gd_ss.dep -MT libgd/gd_ss.lo  -fPIC -DPIC -o libgd/.libs/gd_ss.o
#12 12.83  cc -I. -I/usr/src/php/ext/gd -I/usr/src/php/ext/gd/include -I/usr/src/php/ext/gd/main -I/usr/src/php/ext/gd -I/usr/local/include/php -I/usr/local/include/php/main -I/usr/local/include/php/TSRM -I/usr/local/include/php/Zend -I/usr/local/include/php/ext -I/usr/local/include/php/ext/date/lib -I/usr/include/libpng16 -I/usr/include/freetype2 -fstack-protector-strong -fpic -fpie -O2 -D_LARGEFILE_SOURCE -D_FILE_OFFSET_BITS=64 -DHAVE_CONFIG_H -fstack-protector-strong -fpic -fpie -O2 -D_LARGEFILE_SOURCE -D_FILE_OFFSET_BITS=64 -D_GNU_SOURCE -Wno-strict-prototypes -I/usr/src/php/ext/gd/libgd -DZEND_COMPILE_DL_EXT=1 -c /usr/src/php/ext/gd/libgd/gd_avif.c -MMD -MF libgd/gd_avif.dep -MT libgd/gd_avif.lo  -fPIC -DPIC -o libgd/.libs/gd_avif.o
#12 12.84  cc -I. -I/usr/src/php/ext/gd -I/usr/src/php/ext/gd/include -I/usr/src/php/ext/gd/main -I/usr/src/php/ext/gd -I/usr/local/include/php -I/usr/local/include/php/main -I/usr/local/include/php/TSRM -I/usr/local/include/php/Zend -I/usr/local/include/php/ext -I/usr/local/include/php/ext/date/lib -I/usr/include/libpng16 -I/usr/include/freetype2 -fstack-protector-strong -fpic -fpie -O2 -D_LARGEFILE_SOURCE -D_FILE_OFFSET_BITS=64 -DHAVE_CONFIG_H -fstack-protector-strong -fpic -fpie -O2 -D_LARGEFILE_SOURCE -D_FILE_OFFSET_BITS=64 -D_GNU_SOURCE -Wno-strict-prototypes -I/usr/src/php/ext/gd/libgd -DZEND_COMPILE_DL_EXT=1 -c /usr/src/php/ext/gd/libgd/gd_io_file.c -MMD -MF libgd/gd_io_file.dep -MT libgd/gd_io_file.lo  -fPIC -DPIC -o libgd/.libs/gd_io_file.o
#12 12.84 mkdir .libs
#12 12.84  cc -I. -I/usr/src/php/ext/gd -I/usr/src/php/ext/gd/include -I/usr/src/php/ext/gd/main -I/usr/src/php/ext/gd -I/usr/local/include/php -I/usr/local/include/php/main -I/usr/local/include/php/TSRM -I/usr/local/include/php/Zend -I/usr/local/include/php/ext -I/usr/local/include/php/ext/date/lib -I/usr/include/libpng16 -I/usr/include/freetype2 -fstack-protector-strong -fpic -fpie -O2 -D_LARGEFILE_SOURCE -D_FILE_OFFSET_BITS=64 -DHAVE_CONFIG_H -fstack-protector-strong -fpic -fpie -O2 -D_LARGEFILE_SOURCE -D_FILE_OFFSET_BITS=64 -D_GNU_SOURCE -Wno-strict-prototypes -I/usr/src/php/ext/gd/libgd -DZEND_COMPILE_DL_EXT=1 -c /usr/src/php/ext/gd/gd.c -MMD -MF gd.dep -MT gd.lo  -fPIC -DPIC -o .libs/gd.o
#12 12.85  cc -I. -I/usr/src/php/ext/gd -I/usr/src/php/ext/gd/include -I/usr/src/php/ext/gd/main -I/usr/src/php/ext/gd -I/usr/local/include/php -I/usr/local/include/php/main -I/usr/local/include/php/TSRM -I/usr/local/include/php/Zend -I/usr/local/include/php/ext -I/usr/local/include/php/ext/date/lib -I/usr/include/libpng16 -I/usr/include/freetype2 -fstack-protector-strong -fpic -fpie -O2 -D_LARGEFILE_SOURCE -D_FILE_OFFSET_BITS=64 -DHAVE_CONFIG_H -fstack-protector-strong -fpic -fpie -O2 -D_LARGEFILE_SOURCE -D_FILE_OFFSET_BITS=64 -D_GNU_SOURCE -Wno-strict-prototypes -I/usr/src/php/ext/gd/libgd -DZEND_COMPILE_DL_EXT=1 -c /usr/src/php/ext/gd/libgd/gd.c -MMD -MF libgd/gd.dep -MT libgd/gd.lo  -fPIC -DPIC -o libgd/.libs/gd.o
#12 12.89 /bin/sh /usr/src/php/ext/gd/libtool --tag=CC --mode=compile cc -I. -I/usr/src/php/ext/gd -I/usr/src/php/ext/gd/include -I/usr/src/php/ext/gd/main -I/usr/src/php/ext/gd -I/usr/local/include/php -I/usr/local/include/php/main -I/usr/local/include/php/TSRM -I/usr/local/include/php/Zend -I/usr/local/include/php/ext -I/usr/local/include/php/ext/date/lib -I/usr/include/libpng16 -I/usr/include/freetype2  -fstack-protector-strong -fpic -fpie -O2 -D_LARGEFILE_SOURCE -D_FILE_OFFSET_BITS=64 -DHAVE_CONFIG_H  -fstack-protector-strong -fpic -fpie -O2 -D_LARGEFILE_SOURCE -D_FILE_OFFSET_BITS=64 -D_GNU_SOURCE   -Wno-strict-prototypes -I/usr/src/php/ext/gd/libgd -DZEND_COMPILE_DL_EXT=1 -c /usr/src/php/ext/gd/libgd/gd_jpeg.c -o libgd/gd_jpeg.lo  -MMD -MF libgd/gd_jpeg.dep -MT libgd/gd_jpeg.lo
#12 12.91 /bin/sh /usr/src/php/ext/gd/libtool --tag=CC --mode=compile cc -I. -I/usr/src/php/ext/gd -I/usr/src/php/ext/gd/include -I/usr/src/php/ext/gd/main -I/usr/src/php/ext/gd -I/usr/local/include/php -I/usr/local/include/php/main -I/usr/local/include/php/TSRM -I/usr/local/include/php/Zend -I/usr/local/include/php/ext -I/usr/local/include/php/ext/date/lib -I/usr/include/libpng16 -I/usr/include/freetype2  -fstack-protector-strong -fpic -fpie -O2 -D_LARGEFILE_SOURCE -D_FILE_OFFSET_BITS=64 -DHAVE_CONFIG_H  -fstack-protector-strong -fpic -fpie -O2 -D_LARGEFILE_SOURCE -D_FILE_OFFSET_BITS=64 -D_GNU_SOURCE   -Wno-strict-prototypes -I/usr/src/php/ext/gd/libgd -DZEND_COMPILE_DL_EXT=1 -c /usr/src/php/ext/gd/libgd/gdxpm.c -o libgd/gdxpm.lo  -MMD -MF libgd/gdxpm.dep -MT libgd/gdxpm.lo
#12 12.91 /bin/sh /usr/src/php/ext/gd/libtool --tag=CC --mode=compile cc -I. -I/usr/src/php/ext/gd -I/usr/src/php/ext/gd/include -I/usr/src/php/ext/gd/main -I/usr/src/php/ext/gd -I/usr/local/include/php -I/usr/local/include/php/main -I/usr/local/include/php/TSRM -I/usr/local/include/php/Zend -I/usr/local/include/php/ext -I/usr/local/include/php/ext/date/lib -I/usr/include/libpng16 -I/usr/include/freetype2  -fstack-protector-strong -fpic -fpie -O2 -D_LARGEFILE_SOURCE -D_FILE_OFFSET_BITS=64 -DHAVE_CONFIG_H  -fstack-protector-strong -fpic -fpie -O2 -D_LARGEFILE_SOURCE -D_FILE_OFFSET_BITS=64 -D_GNU_SOURCE   -Wno-strict-prototypes -I/usr/src/php/ext/gd/libgd -DZEND_COMPILE_DL_EXT=1 -c /usr/src/php/ext/gd/libgd/gdfontt.c -o libgd/gdfontt.lo  -MMD -MF libgd/gdfontt.dep -MT libgd/gdfontt.lo
#12 12.95  cc -I. -I/usr/src/php/ext/gd -I/usr/src/php/ext/gd/include -I/usr/src/php/ext/gd/main -I/usr/src/php/ext/gd -I/usr/local/include/php -I/usr/local/include/php/main -I/usr/local/include/php/TSRM -I/usr/local/include/php/Zend -I/usr/local/include/php/ext -I/usr/local/include/php/ext/date/lib -I/usr/include/libpng16 -I/usr/include/freetype2 -fstack-protector-strong -fpic -fpie -O2 -D_LARGEFILE_SOURCE -D_FILE_OFFSET_BITS=64 -DHAVE_CONFIG_H -fstack-protector-strong -fpic -fpie -O2 -D_LARGEFILE_SOURCE -D_FILE_OFFSET_BITS=64 -D_GNU_SOURCE -Wno-strict-prototypes -I/usr/src/php/ext/gd/libgd -DZEND_COMPILE_DL_EXT=1 -c /usr/src/php/ext/gd/libgd/gd_jpeg.c -MMD -MF libgd/gd_jpeg.dep -MT libgd/gd_jpeg.lo  -fPIC -DPIC -o libgd/.libs/gd_jpeg.o
#12 12.98  cc -I. -I/usr/src/php/ext/gd -I/usr/src/php/ext/gd/include -I/usr/src/php/ext/gd/main -I/usr/src/php/ext/gd -I/usr/local/include/php -I/usr/local/include/php/main -I/usr/local/include/php/TSRM -I/usr/local/include/php/Zend -I/usr/local/include/php/ext -I/usr/local/include/php/ext/date/lib -I/usr/include/libpng16 -I/usr/include/freetype2 -fstack-protector-strong -fpic -fpie -O2 -D_LARGEFILE_SOURCE -D_FILE_OFFSET_BITS=64 -DHAVE_CONFIG_H -fstack-protector-strong -fpic -fpie -O2 -D_LARGEFILE_SOURCE -D_FILE_OFFSET_BITS=64 -D_GNU_SOURCE -Wno-strict-prototypes -I/usr/src/php/ext/gd/libgd -DZEND_COMPILE_DL_EXT=1 -c /usr/src/php/ext/gd/libgd/gdfontt.c -MMD -MF libgd/gdfontt.dep -MT libgd/gdfontt.lo  -fPIC -DPIC -o libgd/.libs/gdfontt.o
#12 12.98  cc -I. -I/usr/src/php/ext/gd -I/usr/src/php/ext/gd/include -I/usr/src/php/ext/gd/main -I/usr/src/php/ext/gd -I/usr/local/include/php -I/usr/local/include/php/main -I/usr/local/include/php/TSRM -I/usr/local/include/php/Zend -I/usr/local/include/php/ext -I/usr/local/include/php/ext/date/lib -I/usr/include/libpng16 -I/usr/include/freetype2 -fstack-protector-strong -fpic -fpie -O2 -D_LARGEFILE_SOURCE -D_FILE_OFFSET_BITS=64 -DHAVE_CONFIG_H -fstack-protector-strong -fpic -fpie -O2 -D_LARGEFILE_SOURCE -D_FILE_OFFSET_BITS=64 -D_GNU_SOURCE -Wno-strict-prototypes -I/usr/src/php/ext/gd/libgd -DZEND_COMPILE_DL_EXT=1 -c /usr/src/php/ext/gd/libgd/gdxpm.c -MMD -MF libgd/gdxpm.dep -MT libgd/gdxpm.lo  -fPIC -DPIC -o libgd/.libs/gdxpm.o
#12 13.02 /bin/sh /usr/src/php/ext/gd/libtool --tag=CC --mode=compile cc -I. -I/usr/src/php/ext/gd -I/usr/src/php/ext/gd/include -I/usr/src/php/ext/gd/main -I/usr/src/php/ext/gd -I/usr/local/include/php -I/usr/local/include/php/main -I/usr/local/include/php/TSRM -I/usr/local/include/php/Zend -I/usr/local/include/php/ext -I/usr/local/include/php/ext/date/lib -I/usr/include/libpng16 -I/usr/include/freetype2  -fstack-protector-strong -fpic -fpie -O2 -D_LARGEFILE_SOURCE -D_FILE_OFFSET_BITS=64 -DHAVE_CONFIG_H  -fstack-protector-strong -fpic -fpie -O2 -D_LARGEFILE_SOURCE -D_FILE_OFFSET_BITS=64 -D_GNU_SOURCE   -Wno-strict-prototypes -I/usr/src/php/ext/gd/libgd -DZEND_COMPILE_DL_EXT=1 -c /usr/src/php/ext/gd/libgd/gdfonts.c -o libgd/gdfonts.lo  -MMD -MF libgd/gdfonts.dep -MT libgd/gdfonts.lo
#12 13.06  cc -I. -I/usr/src/php/ext/gd -I/usr/src/php/ext/gd/include -I/usr/src/php/ext/gd/main -I/usr/src/php/ext/gd -I/usr/local/include/php -I/usr/local/include/php/main -I/usr/local/include/php/TSRM -I/usr/local/include/php/Zend -I/usr/local/include/php/ext -I/usr/local/include/php/ext/date/lib -I/usr/include/libpng16 -I/usr/include/freetype2 -fstack-protector-strong -fpic -fpie -O2 -D_LARGEFILE_SOURCE -D_FILE_OFFSET_BITS=64 -DHAVE_CONFIG_H -fstack-protector-strong -fpic -fpie -O2 -D_LARGEFILE_SOURCE -D_FILE_OFFSET_BITS=64 -D_GNU_SOURCE -Wno-strict-prototypes -I/usr/src/php/ext/gd/libgd -DZEND_COMPILE_DL_EXT=1 -c /usr/src/php/ext/gd/libgd/gdfonts.c -MMD -MF libgd/gdfonts.dep -MT libgd/gdfonts.lo  -fPIC -DPIC -o libgd/.libs/gdfonts.o
#12 13.09 /bin/sh /usr/src/php/ext/gd/libtool --tag=CC --mode=compile cc -I. -I/usr/src/php/ext/gd -I/usr/src/php/ext/gd/include -I/usr/src/php/ext/gd/main -I/usr/src/php/ext/gd -I/usr/local/include/php -I/usr/local/include/php/main -I/usr/local/include/php/TSRM -I/usr/local/include/php/Zend -I/usr/local/include/php/ext -I/usr/local/include/php/ext/date/lib -I/usr/include/libpng16 -I/usr/include/freetype2  -fstack-protector-strong -fpic -fpie -O2 -D_LARGEFILE_SOURCE -D_FILE_OFFSET_BITS=64 -DHAVE_CONFIG_H  -fstack-protector-strong -fpic -fpie -O2 -D_LARGEFILE_SOURCE -D_FILE_OFFSET_BITS=64 -D_GNU_SOURCE   -Wno-strict-prototypes -I/usr/src/php/ext/gd/libgd -DZEND_COMPILE_DL_EXT=1 -c /usr/src/php/ext/gd/libgd/gdfontmb.c -o libgd/gdfontmb.lo  -MMD -MF libgd/gdfontmb.dep -MT libgd/gdfontmb.lo
#12 13.10 /bin/sh /usr/src/php/ext/gd/libtool --tag=CC --mode=compile cc -I. -I/usr/src/php/ext/gd -I/usr/src/php/ext/gd/include -I/usr/src/php/ext/gd/main -I/usr/src/php/ext/gd -I/usr/local/include/php -I/usr/local/include/php/main -I/usr/local/include/php/TSRM -I/usr/local/include/php/Zend -I/usr/local/include/php/ext -I/usr/local/include/php/ext/date/lib -I/usr/include/libpng16 -I/usr/include/freetype2  -fstack-protector-strong -fpic -fpie -O2 -D_LARGEFILE_SOURCE -D_FILE_OFFSET_BITS=64 -DHAVE_CONFIG_H  -fstack-protector-strong -fpic -fpie -O2 -D_LARGEFILE_SOURCE -D_FILE_OFFSET_BITS=64 -D_GNU_SOURCE   -Wno-strict-prototypes -I/usr/src/php/ext/gd/libgd -DZEND_COMPILE_DL_EXT=1 -c /usr/src/php/ext/gd/libgd/gdfontl.c -o libgd/gdfontl.lo  -MMD -MF libgd/gdfontl.dep -MT libgd/gdfontl.lo
#12 13.10 /bin/sh /usr/src/php/ext/gd/libtool --tag=CC --mode=compile cc -I. -I/usr/src/php/ext/gd -I/usr/src/php/ext/gd/include -I/usr/src/php/ext/gd/main -I/usr/src/php/ext/gd -I/usr/local/include/php -I/usr/local/include/php/main -I/usr/local/include/php/TSRM -I/usr/local/include/php/Zend -I/usr/local/include/php/ext -I/usr/local/include/php/ext/date/lib -I/usr/include/libpng16 -I/usr/include/freetype2  -fstack-protector-strong -fpic -fpie -O2 -D_LARGEFILE_SOURCE -D_FILE_OFFSET_BITS=64 -DHAVE_CONFIG_H  -fstack-protector-strong -fpic -fpie -O2 -D_LARGEFILE_SOURCE -D_FILE_OFFSET_BITS=64 -D_GNU_SOURCE   -Wno-strict-prototypes -I/usr/src/php/ext/gd/libgd -DZEND_COMPILE_DL_EXT=1 -c /usr/src/php/ext/gd/libgd/gdfontg.c -o libgd/gdfontg.lo  -MMD -MF libgd/gdfontg.dep -MT libgd/gdfontg.lo
#12 13.11 /bin/sh /usr/src/php/ext/gd/libtool --tag=CC --mode=compile cc -I. -I/usr/src/php/ext/gd -I/usr/src/php/ext/gd/include -I/usr/src/php/ext/gd/main -I/usr/src/php/ext/gd -I/usr/local/include/php -I/usr/local/include/php/main -I/usr/local/include/php/TSRM -I/usr/local/include/php/Zend -I/usr/local/include/php/ext -I/usr/local/include/php/ext/date/lib -I/usr/include/libpng16 -I/usr/include/freetype2  -fstack-protector-strong -fpic -fpie -O2 -D_LARGEFILE_SOURCE -D_FILE_OFFSET_BITS=64 -DHAVE_CONFIG_H  -fstack-protector-strong -fpic -fpie -O2 -D_LARGEFILE_SOURCE -D_FILE_OFFSET_BITS=64 -D_GNU_SOURCE   -Wno-strict-prototypes -I/usr/src/php/ext/gd/libgd -DZEND_COMPILE_DL_EXT=1 -c /usr/src/php/ext/gd/libgd/gdtables.c -o libgd/gdtables.lo  -MMD -MF libgd/gdtables.dep -MT libgd/gdtables.lo
#12 13.11 /bin/sh /usr/src/php/ext/gd/libtool --tag=CC --mode=compile cc -I. -I/usr/src/php/ext/gd -I/usr/src/php/ext/gd/include -I/usr/src/php/ext/gd/main -I/usr/src/php/ext/gd -I/usr/local/include/php -I/usr/local/include/php/main -I/usr/local/include/php/TSRM -I/usr/local/include/php/Zend -I/usr/local/include/php/ext -I/usr/local/include/php/ext/date/lib -I/usr/include/libpng16 -I/usr/include/freetype2  -fstack-protector-strong -fpic -fpie -O2 -D_LARGEFILE_SOURCE -D_FILE_OFFSET_BITS=64 -DHAVE_CONFIG_H  -fstack-protector-strong -fpic -fpie -O2 -D_LARGEFILE_SOURCE -D_FILE_OFFSET_BITS=64 -D_GNU_SOURCE   -Wno-strict-prototypes -I/usr/src/php/ext/gd/libgd -DZEND_COMPILE_DL_EXT=1 -c /usr/src/php/ext/gd/libgd/gdft.c -o libgd/gdft.lo  -MMD -MF libgd/gdft.dep -MT libgd/gdft.lo
#12 13.14 /bin/sh /usr/src/php/ext/gd/libtool --tag=CC --mode=compile cc -I. -I/usr/src/php/ext/gd -I/usr/src/php/ext/gd/include -I/usr/src/php/ext/gd/main -I/usr/src/php/ext/gd -I/usr/local/include/php -I/usr/local/include/php/main -I/usr/local/include/php/TSRM -I/usr/local/include/php/Zend -I/usr/local/include/php/ext -I/usr/local/include/php/ext/date/lib -I/usr/include/libpng16 -I/usr/include/freetype2  -fstack-protector-strong -fpic -fpie -O2 -D_LARGEFILE_SOURCE -D_FILE_OFFSET_BITS=64 -DHAVE_CONFIG_H  -fstack-protector-strong -fpic -fpie -O2 -D_LARGEFILE_SOURCE -D_FILE_OFFSET_BITS=64 -D_GNU_SOURCE   -Wno-strict-prototypes -I/usr/src/php/ext/gd/libgd -DZEND_COMPILE_DL_EXT=1 -c /usr/src/php/ext/gd/libgd/gdcache.c -o libgd/gdcache.lo  -MMD -MF libgd/gdcache.dep -MT libgd/gdcache.lo
#12 13.16  cc -I. -I/usr/src/php/ext/gd -I/usr/src/php/ext/gd/include -I/usr/src/php/ext/gd/main -I/usr/src/php/ext/gd -I/usr/local/include/php -I/usr/local/include/php/main -I/usr/local/include/php/TSRM -I/usr/local/include/php/Zend -I/usr/local/include/php/ext -I/usr/local/include/php/ext/date/lib -I/usr/include/libpng16 -I/usr/include/freetype2 -fstack-protector-strong -fpic -fpie -O2 -D_LARGEFILE_SOURCE -D_FILE_OFFSET_BITS=64 -DHAVE_CONFIG_H -fstack-protector-strong -fpic -fpie -O2 -D_LARGEFILE_SOURCE -D_FILE_OFFSET_BITS=64 -D_GNU_SOURCE -Wno-strict-prototypes -I/usr/src/php/ext/gd/libgd -DZEND_COMPILE_DL_EXT=1 -c /usr/src/php/ext/gd/libgd/gdfontl.c -MMD -MF libgd/gdfontl.dep -MT libgd/gdfontl.lo  -fPIC -DPIC -o libgd/.libs/gdfontl.o
#12 13.16  cc -I. -I/usr/src/php/ext/gd -I/usr/src/php/ext/gd/include -I/usr/src/php/ext/gd/main -I/usr/src/php/ext/gd -I/usr/local/include/php -I/usr/local/include/php/main -I/usr/local/include/php/TSRM -I/usr/local/include/php/Zend -I/usr/local/include/php/ext -I/usr/local/include/php/ext/date/lib -I/usr/include/libpng16 -I/usr/include/freetype2 -fstack-protector-strong -fpic -fpie -O2 -D_LARGEFILE_SOURCE -D_FILE_OFFSET_BITS=64 -DHAVE_CONFIG_H -fstack-protector-strong -fpic -fpie -O2 -D_LARGEFILE_SOURCE -D_FILE_OFFSET_BITS=64 -D_GNU_SOURCE -Wno-strict-prototypes -I/usr/src/php/ext/gd/libgd -DZEND_COMPILE_DL_EXT=1 -c /usr/src/php/ext/gd/libgd/gdfontmb.c -MMD -MF libgd/gdfontmb.dep -MT libgd/gdfontmb.lo  -fPIC -DPIC -o libgd/.libs/gdfontmb.o
#12 13.16  cc -I. -I/usr/src/php/ext/gd -I/usr/src/php/ext/gd/include -I/usr/src/php/ext/gd/main -I/usr/src/php/ext/gd -I/usr/local/include/php -I/usr/local/include/php/main -I/usr/local/include/php/TSRM -I/usr/local/include/php/Zend -I/usr/local/include/php/ext -I/usr/local/include/php/ext/date/lib -I/usr/include/libpng16 -I/usr/include/freetype2 -fstack-protector-strong -fpic -fpie -O2 -D_LARGEFILE_SOURCE -D_FILE_OFFSET_BITS=64 -DHAVE_CONFIG_H -fstack-protector-strong -fpic -fpie -O2 -D_LARGEFILE_SOURCE -D_FILE_OFFSET_BITS=64 -D_GNU_SOURCE -Wno-strict-prototypes -I/usr/src/php/ext/gd/libgd -DZEND_COMPILE_DL_EXT=1 -c /usr/src/php/ext/gd/libgd/gdfontg.c -MMD -MF libgd/gdfontg.dep -MT libgd/gdfontg.lo  -fPIC -DPIC -o libgd/.libs/gdfontg.o
#12 13.18  cc -I. -I/usr/src/php/ext/gd -I/usr/src/php/ext/gd/include -I/usr/src/php/ext/gd/main -I/usr/src/php/ext/gd -I/usr/local/include/php -I/usr/local/include/php/main -I/usr/local/include/php/TSRM -I/usr/local/include/php/Zend -I/usr/local/include/php/ext -I/usr/local/include/php/ext/date/lib -I/usr/include/libpng16 -I/usr/include/freetype2 -fstack-protector-strong -fpic -fpie -O2 -D_LARGEFILE_SOURCE -D_FILE_OFFSET_BITS=64 -DHAVE_CONFIG_H -fstack-protector-strong -fpic -fpie -O2 -D_LARGEFILE_SOURCE -D_FILE_OFFSET_BITS=64 -D_GNU_SOURCE -Wno-strict-prototypes -I/usr/src/php/ext/gd/libgd -DZEND_COMPILE_DL_EXT=1 -c /usr/src/php/ext/gd/libgd/gdft.c -MMD -MF libgd/gdft.dep -MT libgd/gdft.lo  -fPIC -DPIC -o libgd/.libs/gdft.o
#12 13.18  cc -I. -I/usr/src/php/ext/gd -I/usr/src/php/ext/gd/include -I/usr/src/php/ext/gd/main -I/usr/src/php/ext/gd -I/usr/local/include/php -I/usr/local/include/php/main -I/usr/local/include/php/TSRM -I/usr/local/include/php/Zend -I/usr/local/include/php/ext -I/usr/local/include/php/ext/date/lib -I/usr/include/libpng16 -I/usr/include/freetype2 -fstack-protector-strong -fpic -fpie -O2 -D_LARGEFILE_SOURCE -D_FILE_OFFSET_BITS=64 -DHAVE_CONFIG_H -fstack-protector-strong -fpic -fpie -O2 -D_LARGEFILE_SOURCE -D_FILE_OFFSET_BITS=64 -D_GNU_SOURCE -Wno-strict-prototypes -I/usr/src/php/ext/gd/libgd -DZEND_COMPILE_DL_EXT=1 -c /usr/src/php/ext/gd/libgd/gdtables.c -MMD -MF libgd/gdtables.dep -MT libgd/gdtables.lo  -fPIC -DPIC -o libgd/.libs/gdtables.o
#12 13.18 /bin/sh /usr/src/php/ext/gd/libtool --tag=CC --mode=compile cc -I. -I/usr/src/php/ext/gd -I/usr/src/php/ext/gd/include -I/usr/src/php/ext/gd/main -I/usr/src/php/ext/gd -I/usr/local/include/php -I/usr/local/include/php/main -I/usr/local/include/php/TSRM -I/usr/local/include/php/Zend -I/usr/local/include/php/ext -I/usr/local/include/php/ext/date/lib -I/usr/include/libpng16 -I/usr/include/freetype2  -fstack-protector-strong -fpic -fpie -O2 -D_LARGEFILE_SOURCE -D_FILE_OFFSET_BITS=64 -DHAVE_CONFIG_H  -fstack-protector-strong -fpic -fpie -O2 -D_LARGEFILE_SOURCE -D_FILE_OFFSET_BITS=64 -D_GNU_SOURCE   -Wno-strict-prototypes -I/usr/src/php/ext/gd/libgd -DZEND_COMPILE_DL_EXT=1 -c /usr/src/php/ext/gd/libgd/gdkanji.c -o libgd/gdkanji.lo  -MMD -MF libgd/gdkanji.dep -MT libgd/gdkanji.lo
#12 13.19 /bin/sh /usr/src/php/ext/gd/libtool --tag=CC --mode=compile cc -I. -I/usr/src/php/ext/gd -I/usr/src/php/ext/gd/include -I/usr/src/php/ext/gd/main -I/usr/src/php/ext/gd -I/usr/local/include/php -I/usr/local/include/php/main -I/usr/local/include/php/TSRM -I/usr/local/include/php/Zend -I/usr/local/include/php/ext -I/usr/local/include/php/ext/date/lib -I/usr/include/libpng16 -I/usr/include/freetype2  -fstack-protector-strong -fpic -fpie -O2 -D_LARGEFILE_SOURCE -D_FILE_OFFSET_BITS=64 -DHAVE_CONFIG_H  -fstack-protector-strong -fpic -fpie -O2 -D_LARGEFILE_SOURCE -D_FILE_OFFSET_BITS=64 -D_GNU_SOURCE   -Wno-strict-prototypes -I/usr/src/php/ext/gd/libgd -DZEND_COMPILE_DL_EXT=1 -c /usr/src/php/ext/gd/libgd/wbmp.c -o libgd/wbmp.lo  -MMD -MF libgd/wbmp.dep -MT libgd/wbmp.lo
#12 13.20 /bin/sh /usr/src/php/ext/gd/libtool --tag=CC --mode=compile cc -I. -I/usr/src/php/ext/gd -I/usr/src/php/ext/gd/include -I/usr/src/php/ext/gd/main -I/usr/src/php/ext/gd -I/usr/local/include/php -I/usr/local/include/php/main -I/usr/local/include/php/TSRM -I/usr/local/include/php/Zend -I/usr/local/include/php/ext -I/usr/local/include/php/ext/date/lib -I/usr/include/libpng16 -I/usr/include/freetype2  -fstack-protector-strong -fpic -fpie -O2 -D_LARGEFILE_SOURCE -D_FILE_OFFSET_BITS=64 -DHAVE_CONFIG_H  -fstack-protector-strong -fpic -fpie -O2 -D_LARGEFILE_SOURCE -D_FILE_OFFSET_BITS=64 -D_GNU_SOURCE   -Wno-strict-prototypes -I/usr/src/php/ext/gd/libgd -DZEND_COMPILE_DL_EXT=1 -c /usr/src/php/ext/gd/libgd/gd_wbmp.c -o libgd/gd_wbmp.lo  -MMD -MF libgd/gd_wbmp.dep -MT libgd/gd_wbmp.lo
#12 13.20 /bin/sh /usr/src/php/ext/gd/libtool --tag=CC --mode=compile cc -I. -I/usr/src/php/ext/gd -I/usr/src/php/ext/gd/include -I/usr/src/php/ext/gd/main -I/usr/src/php/ext/gd -I/usr/local/include/php -I/usr/local/include/php/main -I/usr/local/include/php/TSRM -I/usr/local/include/php/Zend -I/usr/local/include/php/ext -I/usr/local/include/php/ext/date/lib -I/usr/include/libpng16 -I/usr/include/freetype2  -fstack-protector-strong -fpic -fpie -O2 -D_LARGEFILE_SOURCE -D_FILE_OFFSET_BITS=64 -DHAVE_CONFIG_H  -fstack-protector-strong -fpic -fpie -O2 -D_LARGEFILE_SOURCE -D_FILE_OFFSET_BITS=64 -D_GNU_SOURCE   -Wno-strict-prototypes -I/usr/src/php/ext/gd/libgd -DZEND_COMPILE_DL_EXT=1 -c /usr/src/php/ext/gd/libgd/gdhelpers.c -o libgd/gdhelpers.lo  -MMD -MF libgd/gdhelpers.dep -MT libgd/gdhelpers.lo
#12 13.22  cc -I. -I/usr/src/php/ext/gd -I/usr/src/php/ext/gd/include -I/usr/src/php/ext/gd/main -I/usr/src/php/ext/gd -I/usr/local/include/php -I/usr/local/include/php/main -I/usr/local/include/php/TSRM -I/usr/local/include/php/Zend -I/usr/local/include/php/ext -I/usr/local/include/php/ext/date/lib -I/usr/include/libpng16 -I/usr/include/freetype2 -fstack-protector-strong -fpic -fpie -O2 -D_LARGEFILE_SOURCE -D_FILE_OFFSET_BITS=64 -DHAVE_CONFIG_H -fstack-protector-strong -fpic -fpie -O2 -D_LARGEFILE_SOURCE -D_FILE_OFFSET_BITS=64 -D_GNU_SOURCE -Wno-strict-prototypes -I/usr/src/php/ext/gd/libgd -DZEND_COMPILE_DL_EXT=1 -c /usr/src/php/ext/gd/libgd/gdcache.c -MMD -MF libgd/gdcache.dep -MT libgd/gdcache.lo  -fPIC -DPIC -o libgd/.libs/gdcache.o
#12 13.23 /bin/sh /usr/src/php/ext/gd/libtool --tag=CC --mode=compile cc -I. -I/usr/src/php/ext/gd -I/usr/src/php/ext/gd/include -I/usr/src/php/ext/gd/main -I/usr/src/php/ext/gd -I/usr/local/include/php -I/usr/local/include/php/main -I/usr/local/include/php/TSRM -I/usr/local/include/php/Zend -I/usr/local/include/php/ext -I/usr/local/include/php/ext/date/lib -I/usr/include/libpng16 -I/usr/include/freetype2  -fstack-protector-strong -fpic -fpie -O2 -D_LARGEFILE_SOURCE -D_FILE_OFFSET_BITS=64 -DHAVE_CONFIG_H  -fstack-protector-strong -fpic -fpie -O2 -D_LARGEFILE_SOURCE -D_FILE_OFFSET_BITS=64 -D_GNU_SOURCE   -Wno-strict-prototypes -I/usr/src/php/ext/gd/libgd -DZEND_COMPILE_DL_EXT=1 -c /usr/src/php/ext/gd/libgd/gd_topal.c -o libgd/gd_topal.lo  -MMD -MF libgd/gd_topal.dep -MT libgd/gd_topal.lo
#12 13.26  cc -I. -I/usr/src/php/ext/gd -I/usr/src/php/ext/gd/include -I/usr/src/php/ext/gd/main -I/usr/src/php/ext/gd -I/usr/local/include/php -I/usr/local/include/php/main -I/usr/local/include/php/TSRM -I/usr/local/include/php/Zend -I/usr/local/include/php/ext -I/usr/local/include/php/ext/date/lib -I/usr/include/libpng16 -I/usr/include/freetype2 -fstack-protector-strong -fpic -fpie -O2 -D_LARGEFILE_SOURCE -D_FILE_OFFSET_BITS=64 -DHAVE_CONFIG_H -fstack-protector-strong -fpic -fpie -O2 -D_LARGEFILE_SOURCE -D_FILE_OFFSET_BITS=64 -D_GNU_SOURCE -Wno-strict-prototypes -I/usr/src/php/ext/gd/libgd -DZEND_COMPILE_DL_EXT=1 -c /usr/src/php/ext/gd/libgd/wbmp.c -MMD -MF libgd/wbmp.dep -MT libgd/wbmp.lo  -fPIC -DPIC -o libgd/.libs/wbmp.o
#12 13.26  cc -I. -I/usr/src/php/ext/gd -I/usr/src/php/ext/gd/include -I/usr/src/php/ext/gd/main -I/usr/src/php/ext/gd -I/usr/local/include/php -I/usr/local/include/php/main -I/usr/local/include/php/TSRM -I/usr/local/include/php/Zend -I/usr/local/include/php/ext -I/usr/local/include/php/ext/date/lib -I/usr/include/libpng16 -I/usr/include/freetype2 -fstack-protector-strong -fpic -fpie -O2 -D_LARGEFILE_SOURCE -D_FILE_OFFSET_BITS=64 -DHAVE_CONFIG_H -fstack-protector-strong -fpic -fpie -O2 -D_LARGEFILE_SOURCE -D_FILE_OFFSET_BITS=64 -D_GNU_SOURCE -Wno-strict-prototypes -I/usr/src/php/ext/gd/libgd -DZEND_COMPILE_DL_EXT=1 -c /usr/src/php/ext/gd/libgd/gdkanji.c -MMD -MF libgd/gdkanji.dep -MT libgd/gdkanji.lo  -fPIC -DPIC -o libgd/.libs/gdkanji.o
#12 13.26 /bin/sh /usr/src/php/ext/gd/libtool --tag=CC --mode=compile cc -I. -I/usr/src/php/ext/gd -I/usr/src/php/ext/gd/include -I/usr/src/php/ext/gd/main -I/usr/src/php/ext/gd -I/usr/local/include/php -I/usr/local/include/php/main -I/usr/local/include/php/TSRM -I/usr/local/include/php/Zend -I/usr/local/include/php/ext -I/usr/local/include/php/ext/date/lib -I/usr/include/libpng16 -I/usr/include/freetype2  -fstack-protector-strong -fpic -fpie -O2 -D_LARGEFILE_SOURCE -D_FILE_OFFSET_BITS=64 -DHAVE_CONFIG_H  -fstack-protector-strong -fpic -fpie -O2 -D_LARGEFILE_SOURCE -D_FILE_OFFSET_BITS=64 -D_GNU_SOURCE   -Wno-strict-prototypes -I/usr/src/php/ext/gd/libgd -DZEND_COMPILE_DL_EXT=1 -c /usr/src/php/ext/gd/libgd/gd_gif_in.c -o libgd/gd_gif_in.lo  -MMD -MF libgd/gd_gif_in.dep -MT libgd/gd_gif_in.lo
#12 13.26  cc -I. -I/usr/src/php/ext/gd -I/usr/src/php/ext/gd/include -I/usr/src/php/ext/gd/main -I/usr/src/php/ext/gd -I/usr/local/include/php -I/usr/local/include/php/main -I/usr/local/include/php/TSRM -I/usr/local/include/php/Zend -I/usr/local/include/php/ext -I/usr/local/include/php/ext/date/lib -I/usr/include/libpng16 -I/usr/include/freetype2 -fstack-protector-strong -fpic -fpie -O2 -D_LARGEFILE_SOURCE -D_FILE_OFFSET_BITS=64 -DHAVE_CONFIG_H -fstack-protector-strong -fpic -fpie -O2 -D_LARGEFILE_SOURCE -D_FILE_OFFSET_BITS=64 -D_GNU_SOURCE -Wno-strict-prototypes -I/usr/src/php/ext/gd/libgd -DZEND_COMPILE_DL_EXT=1 -c /usr/src/php/ext/gd/libgd/gd_wbmp.c -MMD -MF libgd/gd_wbmp.dep -MT libgd/gd_wbmp.lo  -fPIC -DPIC -o libgd/.libs/gd_wbmp.o
#12 13.27  cc -I. -I/usr/src/php/ext/gd -I/usr/src/php/ext/gd/include -I/usr/src/php/ext/gd/main -I/usr/src/php/ext/gd -I/usr/local/include/php -I/usr/local/include/php/main -I/usr/local/include/php/TSRM -I/usr/local/include/php/Zend -I/usr/local/include/php/ext -I/usr/local/include/php/ext/date/lib -I/usr/include/libpng16 -I/usr/include/freetype2 -fstack-protector-strong -fpic -fpie -O2 -D_LARGEFILE_SOURCE -D_FILE_OFFSET_BITS=64 -DHAVE_CONFIG_H -fstack-protector-strong -fpic -fpie -O2 -D_LARGEFILE_SOURCE -D_FILE_OFFSET_BITS=64 -D_GNU_SOURCE -Wno-strict-prototypes -I/usr/src/php/ext/gd/libgd -DZEND_COMPILE_DL_EXT=1 -c /usr/src/php/ext/gd/libgd/gdhelpers.c -MMD -MF libgd/gdhelpers.dep -MT libgd/gdhelpers.lo  -fPIC -DPIC -o libgd/.libs/gdhelpers.o
#12 13.30 /bin/sh /usr/src/php/ext/gd/libtool --tag=CC --mode=compile cc -I. -I/usr/src/php/ext/gd -I/usr/src/php/ext/gd/include -I/usr/src/php/ext/gd/main -I/usr/src/php/ext/gd -I/usr/local/include/php -I/usr/local/include/php/main -I/usr/local/include/php/TSRM -I/usr/local/include/php/Zend -I/usr/local/include/php/ext -I/usr/local/include/php/ext/date/lib -I/usr/include/libpng16 -I/usr/include/freetype2  -fstack-protector-strong -fpic -fpie -O2 -D_LARGEFILE_SOURCE -D_FILE_OFFSET_BITS=64 -DHAVE_CONFIG_H  -fstack-protector-strong -fpic -fpie -O2 -D_LARGEFILE_SOURCE -D_FILE_OFFSET_BITS=64 -D_GNU_SOURCE   -Wno-strict-prototypes -I/usr/src/php/ext/gd/libgd -DZEND_COMPILE_DL_EXT=1 -c /usr/src/php/ext/gd/libgd/gd_xbm.c -o libgd/gd_xbm.lo  -MMD -MF libgd/gd_xbm.dep -MT libgd/gd_xbm.lo
#12 13.31  cc -I. -I/usr/src/php/ext/gd -I/usr/src/php/ext/gd/include -I/usr/src/php/ext/gd/main -I/usr/src/php/ext/gd -I/usr/local/include/php -I/usr/local/include/php/main -I/usr/local/include/php/TSRM -I/usr/local/include/php/Zend -I/usr/local/include/php/ext -I/usr/local/include/php/ext/date/lib -I/usr/include/libpng16 -I/usr/include/freetype2 -fstack-protector-strong -fpic -fpie -O2 -D_LARGEFILE_SOURCE -D_FILE_OFFSET_BITS=64 -DHAVE_CONFIG_H -fstack-protector-strong -fpic -fpie -O2 -D_LARGEFILE_SOURCE -D_FILE_OFFSET_BITS=64 -D_GNU_SOURCE -Wno-strict-prototypes -I/usr/src/php/ext/gd/libgd -DZEND_COMPILE_DL_EXT=1 -c /usr/src/php/ext/gd/libgd/gd_topal.c -MMD -MF libgd/gd_topal.dep -MT libgd/gd_topal.lo  -fPIC -DPIC -o libgd/.libs/gd_topal.o
#12 13.32 /bin/sh /usr/src/php/ext/gd/libtool --tag=CC --mode=compile cc -I. -I/usr/src/php/ext/gd -I/usr/src/php/ext/gd/include -I/usr/src/php/ext/gd/main -I/usr/src/php/ext/gd -I/usr/local/include/php -I/usr/local/include/php/main -I/usr/local/include/php/TSRM -I/usr/local/include/php/Zend -I/usr/local/include/php/ext -I/usr/local/include/php/ext/date/lib -I/usr/include/libpng16 -I/usr/include/freetype2  -fstack-protector-strong -fpic -fpie -O2 -D_LARGEFILE_SOURCE -D_FILE_OFFSET_BITS=64 -DHAVE_CONFIG_H  -fstack-protector-strong -fpic -fpie -O2 -D_LARGEFILE_SOURCE -D_FILE_OFFSET_BITS=64 -D_GNU_SOURCE   -Wno-strict-prototypes -I/usr/src/php/ext/gd/libgd -DZEND_COMPILE_DL_EXT=1 -c /usr/src/php/ext/gd/libgd/gd_gif_out.c -o libgd/gd_gif_out.lo  -MMD -MF libgd/gd_gif_out.dep -MT libgd/gd_gif_out.lo
#12 13.33 /bin/sh /usr/src/php/ext/gd/libtool --tag=CC --mode=compile cc -I. -I/usr/src/php/ext/gd -I/usr/src/php/ext/gd/include -I/usr/src/php/ext/gd/main -I/usr/src/php/ext/gd -I/usr/local/include/php -I/usr/local/include/php/main -I/usr/local/include/php/TSRM -I/usr/local/include/php/Zend -I/usr/local/include/php/ext -I/usr/local/include/php/ext/date/lib -I/usr/include/libpng16 -I/usr/include/freetype2  -fstack-protector-strong -fpic -fpie -O2 -D_LARGEFILE_SOURCE -D_FILE_OFFSET_BITS=64 -DHAVE_CONFIG_H  -fstack-protector-strong -fpic -fpie -O2 -D_LARGEFILE_SOURCE -D_FILE_OFFSET_BITS=64 -D_GNU_SOURCE   -Wno-strict-prototypes -I/usr/src/php/ext/gd/libgd -DZEND_COMPILE_DL_EXT=1 -c /usr/src/php/ext/gd/libgd/gd_security.c -o libgd/gd_security.lo  -MMD -MF libgd/gd_security.dep -MT libgd/gd_security.lo
#12 13.34  cc -I. -I/usr/src/php/ext/gd -I/usr/src/php/ext/gd/include -I/usr/src/php/ext/gd/main -I/usr/src/php/ext/gd -I/usr/local/include/php -I/usr/local/include/php/main -I/usr/local/include/php/TSRM -I/usr/local/include/php/Zend -I/usr/local/include/php/ext -I/usr/local/include/php/ext/date/lib -I/usr/include/libpng16 -I/usr/include/freetype2 -fstack-protector-strong -fpic -fpie -O2 -D_LARGEFILE_SOURCE -D_FILE_OFFSET_BITS=64 -DHAVE_CONFIG_H -fstack-protector-strong -fpic -fpie -O2 -D_LARGEFILE_SOURCE -D_FILE_OFFSET_BITS=64 -D_GNU_SOURCE -Wno-strict-prototypes -I/usr/src/php/ext/gd/libgd -DZEND_COMPILE_DL_EXT=1 -c /usr/src/php/ext/gd/libgd/gd_gif_in.c -MMD -MF libgd/gd_gif_in.dep -MT libgd/gd_gif_in.lo  -fPIC -DPIC -o libgd/.libs/gd_gif_in.o
#12 13.37  cc -I. -I/usr/src/php/ext/gd -I/usr/src/php/ext/gd/include -I/usr/src/php/ext/gd/main -I/usr/src/php/ext/gd -I/usr/local/include/php -I/usr/local/include/php/main -I/usr/local/include/php/TSRM -I/usr/local/include/php/Zend -I/usr/local/include/php/ext -I/usr/local/include/php/ext/date/lib -I/usr/include/libpng16 -I/usr/include/freetype2 -fstack-protector-strong -fpic -fpie -O2 -D_LARGEFILE_SOURCE -D_FILE_OFFSET_BITS=64 -DHAVE_CONFIG_H -fstack-protector-strong -fpic -fpie -O2 -D_LARGEFILE_SOURCE -D_FILE_OFFSET_BITS=64 -D_GNU_SOURCE -Wno-strict-prototypes -I/usr/src/php/ext/gd/libgd -DZEND_COMPILE_DL_EXT=1 -c /usr/src/php/ext/gd/libgd/gd_xbm.c -MMD -MF libgd/gd_xbm.dep -MT libgd/gd_xbm.lo  -fPIC -DPIC -o libgd/.libs/gd_xbm.o
#12 13.38  cc -I. -I/usr/src/php/ext/gd -I/usr/src/php/ext/gd/include -I/usr/src/php/ext/gd/main -I/usr/src/php/ext/gd -I/usr/local/include/php -I/usr/local/include/php/main -I/usr/local/include/php/TSRM -I/usr/local/include/php/Zend -I/usr/local/include/php/ext -I/usr/local/include/php/ext/date/lib -I/usr/include/libpng16 -I/usr/include/freetype2 -fstack-protector-strong -fpic -fpie -O2 -D_LARGEFILE_SOURCE -D_FILE_OFFSET_BITS=64 -DHAVE_CONFIG_H -fstack-protector-strong -fpic -fpie -O2 -D_LARGEFILE_SOURCE -D_FILE_OFFSET_BITS=64 -D_GNU_SOURCE -Wno-strict-prototypes -I/usr/src/php/ext/gd/libgd -DZEND_COMPILE_DL_EXT=1 -c /usr/src/php/ext/gd/libgd/gd_security.c -MMD -MF libgd/gd_security.dep -MT libgd/gd_security.lo  -fPIC -DPIC -o libgd/.libs/gd_security.o
#12 13.40  cc -I. -I/usr/src/php/ext/gd -I/usr/src/php/ext/gd/include -I/usr/src/php/ext/gd/main -I/usr/src/php/ext/gd -I/usr/local/include/php -I/usr/local/include/php/main -I/usr/local/include/php/TSRM -I/usr/local/include/php/Zend -I/usr/local/include/php/ext -I/usr/local/include/php/ext/date/lib -I/usr/include/libpng16 -I/usr/include/freetype2 -fstack-protector-strong -fpic -fpie -O2 -D_LARGEFILE_SOURCE -D_FILE_OFFSET_BITS=64 -DHAVE_CONFIG_H -fstack-protector-strong -fpic -fpie -O2 -D_LARGEFILE_SOURCE -D_FILE_OFFSET_BITS=64 -D_GNU_SOURCE -Wno-strict-prototypes -I/usr/src/php/ext/gd/libgd -DZEND_COMPILE_DL_EXT=1 -c /usr/src/php/ext/gd/libgd/gd_gif_out.c -MMD -MF libgd/gd_gif_out.dep -MT libgd/gd_gif_out.lo  -fPIC -DPIC -o libgd/.libs/gd_gif_out.o
#12 13.41 /bin/sh /usr/src/php/ext/gd/libtool --tag=CC --mode=compile cc -I. -I/usr/src/php/ext/gd -I/usr/src/php/ext/gd/include -I/usr/src/php/ext/gd/main -I/usr/src/php/ext/gd -I/usr/local/include/php -I/usr/local/include/php/main -I/usr/local/include/php/TSRM -I/usr/local/include/php/Zend -I/usr/local/include/php/ext -I/usr/local/include/php/ext/date/lib -I/usr/include/libpng16 -I/usr/include/freetype2  -fstack-protector-strong -fpic -fpie -O2 -D_LARGEFILE_SOURCE -D_FILE_OFFSET_BITS=64 -DHAVE_CONFIG_H  -fstack-protector-strong -fpic -fpie -O2 -D_LARGEFILE_SOURCE -D_FILE_OFFSET_BITS=64 -D_GNU_SOURCE   -Wno-strict-prototypes -I/usr/src/php/ext/gd/libgd -DZEND_COMPILE_DL_EXT=1 -c /usr/src/php/ext/gd/libgd/gd_filter.c -o libgd/gd_filter.lo  -MMD -MF libgd/gd_filter.dep -MT libgd/gd_filter.lo
#12 13.46  cc -I. -I/usr/src/php/ext/gd -I/usr/src/php/ext/gd/include -I/usr/src/php/ext/gd/main -I/usr/src/php/ext/gd -I/usr/local/include/php -I/usr/local/include/php/main -I/usr/local/include/php/TSRM -I/usr/local/include/php/Zend -I/usr/local/include/php/ext -I/usr/local/include/php/ext/date/lib -I/usr/include/libpng16 -I/usr/include/freetype2 -fstack-protector-strong -fpic -fpie -O2 -D_LARGEFILE_SOURCE -D_FILE_OFFSET_BITS=64 -DHAVE_CONFIG_H -fstack-protector-strong -fpic -fpie -O2 -D_LARGEFILE_SOURCE -D_FILE_OFFSET_BITS=64 -D_GNU_SOURCE -Wno-strict-prototypes -I/usr/src/php/ext/gd/libgd -DZEND_COMPILE_DL_EXT=1 -c /usr/src/php/ext/gd/libgd/gd_filter.c -MMD -MF libgd/gd_filter.dep -MT libgd/gd_filter.lo  -fPIC -DPIC -o libgd/.libs/gd_filter.o
#12 13.50 /bin/sh /usr/src/php/ext/gd/libtool --tag=CC --mode=compile cc -I. -I/usr/src/php/ext/gd -I/usr/src/php/ext/gd/include -I/usr/src/php/ext/gd/main -I/usr/src/php/ext/gd -I/usr/local/include/php -I/usr/local/include/php/main -I/usr/local/include/php/TSRM -I/usr/local/include/php/Zend -I/usr/local/include/php/ext -I/usr/local/include/php/ext/date/lib -I/usr/include/libpng16 -I/usr/include/freetype2  -fstack-protector-strong -fpic -fpie -O2 -D_LARGEFILE_SOURCE -D_FILE_OFFSET_BITS=64 -DHAVE_CONFIG_H  -fstack-protector-strong -fpic -fpie -O2 -D_LARGEFILE_SOURCE -D_FILE_OFFSET_BITS=64 -D_GNU_SOURCE   -Wno-strict-prototypes -I/usr/src/php/ext/gd/libgd -DZEND_COMPILE_DL_EXT=1 -c /usr/src/php/ext/gd/libgd/gd_pixelate.c -o libgd/gd_pixelate.lo  -MMD -MF libgd/gd_pixelate.dep -MT libgd/gd_pixelate.lo
#12 13.52 /bin/sh /usr/src/php/ext/gd/libtool --tag=CC --mode=compile cc -I. -I/usr/src/php/ext/gd -I/usr/src/php/ext/gd/include -I/usr/src/php/ext/gd/main -I/usr/src/php/ext/gd -I/usr/local/include/php -I/usr/local/include/php/main -I/usr/local/include/php/TSRM -I/usr/local/include/php/Zend -I/usr/local/include/php/ext -I/usr/local/include/php/ext/date/lib -I/usr/include/libpng16 -I/usr/include/freetype2  -fstack-protector-strong -fpic -fpie -O2 -D_LARGEFILE_SOURCE -D_FILE_OFFSET_BITS=64 -DHAVE_CONFIG_H  -fstack-protector-strong -fpic -fpie -O2 -D_LARGEFILE_SOURCE -D_FILE_OFFSET_BITS=64 -D_GNU_SOURCE   -Wno-strict-prototypes -I/usr/src/php/ext/gd/libgd -DZEND_COMPILE_DL_EXT=1 -c /usr/src/php/ext/gd/libgd/gd_rotate.c -o libgd/gd_rotate.lo  -MMD -MF libgd/gd_rotate.dep -MT libgd/gd_rotate.lo
#12 13.55  cc -I. -I/usr/src/php/ext/gd -I/usr/src/php/ext/gd/include -I/usr/src/php/ext/gd/main -I/usr/src/php/ext/gd -I/usr/local/include/php -I/usr/local/include/php/main -I/usr/local/include/php/TSRM -I/usr/local/include/php/Zend -I/usr/local/include/php/ext -I/usr/local/include/php/ext/date/lib -I/usr/include/libpng16 -I/usr/include/freetype2 -fstack-protector-strong -fpic -fpie -O2 -D_LARGEFILE_SOURCE -D_FILE_OFFSET_BITS=64 -DHAVE_CONFIG_H -fstack-protector-strong -fpic -fpie -O2 -D_LARGEFILE_SOURCE -D_FILE_OFFSET_BITS=64 -D_GNU_SOURCE -Wno-strict-prototypes -I/usr/src/php/ext/gd/libgd -DZEND_COMPILE_DL_EXT=1 -c /usr/src/php/ext/gd/libgd/gd_pixelate.c -MMD -MF libgd/gd_pixelate.dep -MT libgd/gd_pixelate.lo  -fPIC -DPIC -o libgd/.libs/gd_pixelate.o
#12 13.56 /bin/sh /usr/src/php/ext/gd/libtool --tag=CC --mode=compile cc -I. -I/usr/src/php/ext/gd -I/usr/src/php/ext/gd/include -I/usr/src/php/ext/gd/main -I/usr/src/php/ext/gd -I/usr/local/include/php -I/usr/local/include/php/main -I/usr/local/include/php/TSRM -I/usr/local/include/php/Zend -I/usr/local/include/php/ext -I/usr/local/include/php/ext/date/lib -I/usr/include/libpng16 -I/usr/include/freetype2  -fstack-protector-strong -fpic -fpie -O2 -D_LARGEFILE_SOURCE -D_FILE_OFFSET_BITS=64 -DHAVE_CONFIG_H  -fstack-protector-strong -fpic -fpie -O2 -D_LARGEFILE_SOURCE -D_FILE_OFFSET_BITS=64 -D_GNU_SOURCE   -Wno-strict-prototypes -I/usr/src/php/ext/gd/libgd -DZEND_COMPILE_DL_EXT=1 -c /usr/src/php/ext/gd/libgd/gd_color_match.c -o libgd/gd_color_match.lo  -MMD -MF libgd/gd_color_match.dep -MT libgd/gd_color_match.lo
#12 13.57  cc -I. -I/usr/src/php/ext/gd -I/usr/src/php/ext/gd/include -I/usr/src/php/ext/gd/main -I/usr/src/php/ext/gd -I/usr/local/include/php -I/usr/local/include/php/main -I/usr/local/include/php/TSRM -I/usr/local/include/php/Zend -I/usr/local/include/php/ext -I/usr/local/include/php/ext/date/lib -I/usr/include/libpng16 -I/usr/include/freetype2 -fstack-protector-strong -fpic -fpie -O2 -D_LARGEFILE_SOURCE -D_FILE_OFFSET_BITS=64 -DHAVE_CONFIG_H -fstack-protector-strong -fpic -fpie -O2 -D_LARGEFILE_SOURCE -D_FILE_OFFSET_BITS=64 -D_GNU_SOURCE -Wno-strict-prototypes -I/usr/src/php/ext/gd/libgd -DZEND_COMPILE_DL_EXT=1 -c /usr/src/php/ext/gd/libgd/gd_rotate.c -MMD -MF libgd/gd_rotate.dep -MT libgd/gd_rotate.lo  -fPIC -DPIC -o libgd/.libs/gd_rotate.o
#12 13.60 /bin/sh /usr/src/php/ext/gd/libtool --tag=CC --mode=compile cc -I. -I/usr/src/php/ext/gd -I/usr/src/php/ext/gd/include -I/usr/src/php/ext/gd/main -I/usr/src/php/ext/gd -I/usr/local/include/php -I/usr/local/include/php/main -I/usr/local/include/php/TSRM -I/usr/local/include/php/Zend -I/usr/local/include/php/ext -I/usr/local/include/php/ext/date/lib -I/usr/include/libpng16 -I/usr/include/freetype2  -fstack-protector-strong -fpic -fpie -O2 -D_LARGEFILE_SOURCE -D_FILE_OFFSET_BITS=64 -DHAVE_CONFIG_H  -fstack-protector-strong -fpic -fpie -O2 -D_LARGEFILE_SOURCE -D_FILE_OFFSET_BITS=64 -D_GNU_SOURCE   -Wno-strict-prototypes -I/usr/src/php/ext/gd/libgd -DZEND_COMPILE_DL_EXT=1 -c /usr/src/php/ext/gd/libgd/gd_transform.c -o libgd/gd_transform.lo  -MMD -MF libgd/gd_transform.dep -MT libgd/gd_transform.lo
#12 13.62  cc -I. -I/usr/src/php/ext/gd -I/usr/src/php/ext/gd/include -I/usr/src/php/ext/gd/main -I/usr/src/php/ext/gd -I/usr/local/include/php -I/usr/local/include/php/main -I/usr/local/include/php/TSRM -I/usr/local/include/php/Zend -I/usr/local/include/php/ext -I/usr/local/include/php/ext/date/lib -I/usr/include/libpng16 -I/usr/include/freetype2 -fstack-protector-strong -fpic -fpie -O2 -D_LARGEFILE_SOURCE -D_FILE_OFFSET_BITS=64 -DHAVE_CONFIG_H -fstack-protector-strong -fpic -fpie -O2 -D_LARGEFILE_SOURCE -D_FILE_OFFSET_BITS=64 -D_GNU_SOURCE -Wno-strict-prototypes -I/usr/src/php/ext/gd/libgd -DZEND_COMPILE_DL_EXT=1 -c /usr/src/php/ext/gd/libgd/gd_color_match.c -MMD -MF libgd/gd_color_match.dep -MT libgd/gd_color_match.lo  -fPIC -DPIC -o libgd/.libs/gd_color_match.o
#12 13.62 /bin/sh /usr/src/php/ext/gd/libtool --tag=CC --mode=compile cc -I. -I/usr/src/php/ext/gd -I/usr/src/php/ext/gd/include -I/usr/src/php/ext/gd/main -I/usr/src/php/ext/gd -I/usr/local/include/php -I/usr/local/include/php/main -I/usr/local/include/php/TSRM -I/usr/local/include/php/Zend -I/usr/local/include/php/ext -I/usr/local/include/php/ext/date/lib -I/usr/include/libpng16 -I/usr/include/freetype2  -fstack-protector-strong -fpic -fpie -O2 -D_LARGEFILE_SOURCE -D_FILE_OFFSET_BITS=64 -DHAVE_CONFIG_H  -fstack-protector-strong -fpic -fpie -O2 -D_LARGEFILE_SOURCE -D_FILE_OFFSET_BITS=64 -D_GNU_SOURCE   -Wno-strict-prototypes -I/usr/src/php/ext/gd/libgd -DZEND_COMPILE_DL_EXT=1 -c /usr/src/php/ext/gd/libgd/gd_crop.c -o libgd/gd_crop.lo  -MMD -MF libgd/gd_crop.dep -MT libgd/gd_crop.lo
#12 13.65 /bin/sh /usr/src/php/ext/gd/libtool --tag=CC --mode=compile cc -I. -I/usr/src/php/ext/gd -I/usr/src/php/ext/gd/include -I/usr/src/php/ext/gd/main -I/usr/src/php/ext/gd -I/usr/local/include/php -I/usr/local/include/php/main -I/usr/local/include/php/TSRM -I/usr/local/include/php/Zend -I/usr/local/include/php/ext -I/usr/local/include/php/ext/date/lib -I/usr/include/libpng16 -I/usr/include/freetype2  -fstack-protector-strong -fpic -fpie -O2 -D_LARGEFILE_SOURCE -D_FILE_OFFSET_BITS=64 -DHAVE_CONFIG_H  -fstack-protector-strong -fpic -fpie -O2 -D_LARGEFILE_SOURCE -D_FILE_OFFSET_BITS=64 -D_GNU_SOURCE   -Wno-strict-prototypes -I/usr/src/php/ext/gd/libgd -DZEND_COMPILE_DL_EXT=1 -c /usr/src/php/ext/gd/libgd/gd_interpolation.c -o libgd/gd_interpolation.lo  -MMD -MF libgd/gd_interpolation.dep -MT libgd/gd_interpolation.lo
#12 13.65 /bin/sh /usr/src/php/ext/gd/libtool --tag=CC --mode=compile cc -I. -I/usr/src/php/ext/gd -I/usr/src/php/ext/gd/include -I/usr/src/php/ext/gd/main -I/usr/src/php/ext/gd -I/usr/local/include/php -I/usr/local/include/php/main -I/usr/local/include/php/TSRM -I/usr/local/include/php/Zend -I/usr/local/include/php/ext -I/usr/local/include/php/ext/date/lib -I/usr/include/libpng16 -I/usr/include/freetype2  -fstack-protector-strong -fpic -fpie -O2 -D_LARGEFILE_SOURCE -D_FILE_OFFSET_BITS=64 -DHAVE_CONFIG_H  -fstack-protector-strong -fpic -fpie -O2 -D_LARGEFILE_SOURCE -D_FILE_OFFSET_BITS=64 -D_GNU_SOURCE   -Wno-strict-prototypes -I/usr/src/php/ext/gd/libgd -DZEND_COMPILE_DL_EXT=1 -c /usr/src/php/ext/gd/libgd/gd_matrix.c -o libgd/gd_matrix.lo  -MMD -MF libgd/gd_matrix.dep -MT libgd/gd_matrix.lo
#12 13.67  cc -I. -I/usr/src/php/ext/gd -I/usr/src/php/ext/gd/include -I/usr/src/php/ext/gd/main -I/usr/src/php/ext/gd -I/usr/local/include/php -I/usr/local/include/php/main -I/usr/local/include/php/TSRM -I/usr/local/include/php/Zend -I/usr/local/include/php/ext -I/usr/local/include/php/ext/date/lib -I/usr/include/libpng16 -I/usr/include/freetype2 -fstack-protector-strong -fpic -fpie -O2 -D_LARGEFILE_SOURCE -D_FILE_OFFSET_BITS=64 -DHAVE_CONFIG_H -fstack-protector-strong -fpic -fpie -O2 -D_LARGEFILE_SOURCE -D_FILE_OFFSET_BITS=64 -D_GNU_SOURCE -Wno-strict-prototypes -I/usr/src/php/ext/gd/libgd -DZEND_COMPILE_DL_EXT=1 -c /usr/src/php/ext/gd/libgd/gd_transform.c -MMD -MF libgd/gd_transform.dep -MT libgd/gd_transform.lo  -fPIC -DPIC -o libgd/.libs/gd_transform.o
#12 13.67 /bin/sh /usr/src/php/ext/gd/libtool --tag=CC --mode=compile cc -I. -I/usr/src/php/ext/gd -I/usr/src/php/ext/gd/include -I/usr/src/php/ext/gd/main -I/usr/src/php/ext/gd -I/usr/local/include/php -I/usr/local/include/php/main -I/usr/local/include/php/TSRM -I/usr/local/include/php/Zend -I/usr/local/include/php/ext -I/usr/local/include/php/ext/date/lib -I/usr/include/libpng16 -I/usr/include/freetype2  -fstack-protector-strong -fpic -fpie -O2 -D_LARGEFILE_SOURCE -D_FILE_OFFSET_BITS=64 -DHAVE_CONFIG_H  -fstack-protector-strong -fpic -fpie -O2 -D_LARGEFILE_SOURCE -D_FILE_OFFSET_BITS=64 -D_GNU_SOURCE   -Wno-strict-prototypes -I/usr/src/php/ext/gd/libgd -DZEND_COMPILE_DL_EXT=1 -c /usr/src/php/ext/gd/libgd/gd_bmp.c -o libgd/gd_bmp.lo  -MMD -MF libgd/gd_bmp.dep -MT libgd/gd_bmp.lo
#12 13.68  cc -I. -I/usr/src/php/ext/gd -I/usr/src/php/ext/gd/include -I/usr/src/php/ext/gd/main -I/usr/src/php/ext/gd -I/usr/local/include/php -I/usr/local/include/php/main -I/usr/local/include/php/TSRM -I/usr/local/include/php/Zend -I/usr/local/include/php/ext -I/usr/local/include/php/ext/date/lib -I/usr/include/libpng16 -I/usr/include/freetype2 -fstack-protector-strong -fpic -fpie -O2 -D_LARGEFILE_SOURCE -D_FILE_OFFSET_BITS=64 -DHAVE_CONFIG_H -fstack-protector-strong -fpic -fpie -O2 -D_LARGEFILE_SOURCE -D_FILE_OFFSET_BITS=64 -D_GNU_SOURCE -Wno-strict-prototypes -I/usr/src/php/ext/gd/libgd -DZEND_COMPILE_DL_EXT=1 -c /usr/src/php/ext/gd/libgd/gd_crop.c -MMD -MF libgd/gd_crop.dep -MT libgd/gd_crop.lo  -fPIC -DPIC -o libgd/.libs/gd_crop.o
#12 13.68 /bin/sh /usr/src/php/ext/gd/libtool --tag=CC --mode=compile cc -I. -I/usr/src/php/ext/gd -I/usr/src/php/ext/gd/include -I/usr/src/php/ext/gd/main -I/usr/src/php/ext/gd -I/usr/local/include/php -I/usr/local/include/php/main -I/usr/local/include/php/TSRM -I/usr/local/include/php/Zend -I/usr/local/include/php/ext -I/usr/local/include/php/ext/date/lib -I/usr/include/libpng16 -I/usr/include/freetype2  -fstack-protector-strong -fpic -fpie -O2 -D_LARGEFILE_SOURCE -D_FILE_OFFSET_BITS=64 -DHAVE_CONFIG_H  -fstack-protector-strong -fpic -fpie -O2 -D_LARGEFILE_SOURCE -D_FILE_OFFSET_BITS=64 -D_GNU_SOURCE   -Wno-strict-prototypes -I/usr/src/php/ext/gd/libgd -DZEND_COMPILE_DL_EXT=1 -c /usr/src/php/ext/gd/libgd/gd_tga.c -o libgd/gd_tga.lo  -MMD -MF libgd/gd_tga.dep -MT libgd/gd_tga.lo
#12 13.71  cc -I. -I/usr/src/php/ext/gd -I/usr/src/php/ext/gd/include -I/usr/src/php/ext/gd/main -I/usr/src/php/ext/gd -I/usr/local/include/php -I/usr/local/include/php/main -I/usr/local/include/php/TSRM -I/usr/local/include/php/Zend -I/usr/local/include/php/ext -I/usr/local/include/php/ext/date/lib -I/usr/include/libpng16 -I/usr/include/freetype2 -fstack-protector-strong -fpic -fpie -O2 -D_LARGEFILE_SOURCE -D_FILE_OFFSET_BITS=64 -DHAVE_CONFIG_H -fstack-protector-strong -fpic -fpie -O2 -D_LARGEFILE_SOURCE -D_FILE_OFFSET_BITS=64 -D_GNU_SOURCE -Wno-strict-prototypes -I/usr/src/php/ext/gd/libgd -DZEND_COMPILE_DL_EXT=1 -c /usr/src/php/ext/gd/libgd/gd_matrix.c -MMD -MF libgd/gd_matrix.dep -MT libgd/gd_matrix.lo  -fPIC -DPIC -o libgd/.libs/gd_matrix.o
#12 13.72  cc -I. -I/usr/src/php/ext/gd -I/usr/src/php/ext/gd/include -I/usr/src/php/ext/gd/main -I/usr/src/php/ext/gd -I/usr/local/include/php -I/usr/local/include/php/main -I/usr/local/include/php/TSRM -I/usr/local/include/php/Zend -I/usr/local/include/php/ext -I/usr/local/include/php/ext/date/lib -I/usr/include/libpng16 -I/usr/include/freetype2 -fstack-protector-strong -fpic -fpie -O2 -D_LARGEFILE_SOURCE -D_FILE_OFFSET_BITS=64 -DHAVE_CONFIG_H -fstack-protector-strong -fpic -fpie -O2 -D_LARGEFILE_SOURCE -D_FILE_OFFSET_BITS=64 -D_GNU_SOURCE -Wno-strict-prototypes -I/usr/src/php/ext/gd/libgd -DZEND_COMPILE_DL_EXT=1 -c /usr/src/php/ext/gd/libgd/gd_interpolation.c -MMD -MF libgd/gd_interpolation.dep -MT libgd/gd_interpolation.lo  -fPIC -DPIC -o libgd/.libs/gd_interpolation.o
#12 13.73  cc -I. -I/usr/src/php/ext/gd -I/usr/src/php/ext/gd/include -I/usr/src/php/ext/gd/main -I/usr/src/php/ext/gd -I/usr/local/include/php -I/usr/local/include/php/main -I/usr/local/include/php/TSRM -I/usr/local/include/php/Zend -I/usr/local/include/php/ext -I/usr/local/include/php/ext/date/lib -I/usr/include/libpng16 -I/usr/include/freetype2 -fstack-protector-strong -fpic -fpie -O2 -D_LARGEFILE_SOURCE -D_FILE_OFFSET_BITS=64 -DHAVE_CONFIG_H -fstack-protector-strong -fpic -fpie -O2 -D_LARGEFILE_SOURCE -D_FILE_OFFSET_BITS=64 -D_GNU_SOURCE -Wno-strict-prototypes -I/usr/src/php/ext/gd/libgd -DZEND_COMPILE_DL_EXT=1 -c /usr/src/php/ext/gd/libgd/gd_bmp.c -MMD -MF libgd/gd_bmp.dep -MT libgd/gd_bmp.lo  -fPIC -DPIC -o libgd/.libs/gd_bmp.o
#12 13.73  cc -I. -I/usr/src/php/ext/gd -I/usr/src/php/ext/gd/include -I/usr/src/php/ext/gd/main -I/usr/src/php/ext/gd -I/usr/local/include/php -I/usr/local/include/php/main -I/usr/local/include/php/TSRM -I/usr/local/include/php/Zend -I/usr/local/include/php/ext -I/usr/local/include/php/ext/date/lib -I/usr/include/libpng16 -I/usr/include/freetype2 -fstack-protector-strong -fpic -fpie -O2 -D_LARGEFILE_SOURCE -D_FILE_OFFSET_BITS=64 -DHAVE_CONFIG_H -fstack-protector-strong -fpic -fpie -O2 -D_LARGEFILE_SOURCE -D_FILE_OFFSET_BITS=64 -D_GNU_SOURCE -Wno-strict-prototypes -I/usr/src/php/ext/gd/libgd -DZEND_COMPILE_DL_EXT=1 -c /usr/src/php/ext/gd/libgd/gd_tga.c -MMD -MF libgd/gd_tga.dep -MT libgd/gd_tga.lo  -fPIC -DPIC -o libgd/.libs/gd_tga.o
#12 14.45 /bin/sh /usr/src/php/ext/gd/libtool --tag=CC --mode=link cc -shared -I/usr/src/php/ext/gd/include -I/usr/src/php/ext/gd/main -I/usr/src/php/ext/gd -I/usr/local/include/php -I/usr/local/include/php/main -I/usr/local/include/php/TSRM -I/usr/local/include/php/Zend -I/usr/local/include/php/ext -I/usr/local/include/php/ext/date/lib -I/usr/include/libpng16 -I/usr/include/freetype2  -fstack-protector-strong -fpic -fpie -O2 -D_LARGEFILE_SOURCE -D_FILE_OFFSET_BITS=64 -DHAVE_CONFIG_H  -fstack-protector-strong -fpic -fpie -O2 -D_LARGEFILE_SOURCE -D_FILE_OFFSET_BITS=64 -D_GNU_SOURCE  -Wl,-O1 -pie  -o gd.la -export-dynamic -avoid-version -prefer-pic -module -rpath /usr/src/php/ext/gd/modules  gd.lo libgd/gd.lo libgd/gd_gd.lo libgd/gd_gd2.lo libgd/gd_io.lo libgd/gd_io_dp.lo libgd/gd_io_file.lo libgd/gd_ss.lo libgd/gd_io_ss.lo libgd/gd_webp.lo libgd/gd_avif.lo libgd/gd_png.lo libgd/gd_jpeg.lo libgd/gdxpm.lo libgd/gdfontt.lo libgd/gdfonts.lo libgd/gdfontmb.lo libgd/gdfontl.lo libgd/gdfontg.lo libgd/gdtables.lo libgd/gdft.lo libgd/gdcache.lo libgd/gdkanji.lo libgd/wbmp.lo libgd/gd_wbmp.lo libgd/gdhelpers.lo libgd/gd_topal.lo libgd/gd_gif_in.lo libgd/gd_xbm.lo libgd/gd_gif_out.lo libgd/gd_security.lo libgd/gd_filter.lo libgd/gd_pixelate.lo libgd/gd_rotate.lo libgd/gd_color_match.lo libgd/gd_transform.lo libgd/gd_crop.lo libgd/gd_interpolation.lo libgd/gd_matrix.lo libgd/gd_bmp.lo libgd/gd_tga.lo -lz -lpng16 -ljpeg -lfreetype
#12 14.51 cc -shared  .libs/gd.o libgd/.libs/gd.o libgd/.libs/gd_gd.o libgd/.libs/gd_gd2.o libgd/.libs/gd_io.o libgd/.libs/gd_io_dp.o libgd/.libs/gd_io_file.o libgd/.libs/gd_ss.o libgd/.libs/gd_io_ss.o libgd/.libs/gd_webp.o libgd/.libs/gd_avif.o libgd/.libs/gd_png.o libgd/.libs/gd_jpeg.o libgd/.libs/gdxpm.o libgd/.libs/gdfontt.o libgd/.libs/gdfonts.o libgd/.libs/gdfontmb.o libgd/.libs/gdfontl.o libgd/.libs/gdfontg.o libgd/.libs/gdtables.o libgd/.libs/gdft.o libgd/.libs/gdcache.o libgd/.libs/gdkanji.o libgd/.libs/wbmp.o libgd/.libs/gd_wbmp.o libgd/.libs/gdhelpers.o libgd/.libs/gd_topal.o libgd/.libs/gd_gif_in.o libgd/.libs/gd_xbm.o libgd/.libs/gd_gif_out.o libgd/.libs/gd_security.o libgd/.libs/gd_filter.o libgd/.libs/gd_pixelate.o libgd/.libs/gd_rotate.o libgd/.libs/gd_color_match.o libgd/.libs/gd_transform.o libgd/.libs/gd_crop.o libgd/.libs/gd_interpolation.o libgd/.libs/gd_matrix.o libgd/.libs/gd_bmp.o libgd/.libs/gd_tga.o  -lz -lpng16 -ljpeg -lfreetype  -Wl,-O1 -Wl,-soname -Wl,gd.so -o .libs/gd.so
#12 14.52 creating gd.la
#12 14.52 (cd .libs && rm -f gd.la && ln -s ../gd.la gd.la)
#12 14.52 /bin/sh /usr/src/php/ext/gd/libtool --tag=CC --mode=install cp ./gd.la /usr/src/php/ext/gd/modules
#12 14.53 cp ./.libs/gd.so /usr/src/php/ext/gd/modules/gd.so
#12 14.53 cp ./.libs/gd.lai /usr/src/php/ext/gd/modules/gd.la
#12 14.54 PATH="$PATH:/sbin" ldconfig -n /usr/src/php/ext/gd/modules
#12 14.54 ----------------------------------------------------------------------
#12 14.54 Libraries have been installed in:
#12 14.54    /usr/src/php/ext/gd/modules
#12 14.54 
#12 14.54 If you ever happen to want to link against installed libraries
#12 14.54 in a given directory, LIBDIR, you must either use libtool, and
#12 14.54 specify the full pathname of the library, or use the `-LLIBDIR'
#12 14.54 flag during linking and do at least one of the following:
#12 14.54    - add LIBDIR to the `LD_LIBRARY_PATH' environment variable
#12 14.54      during execution
#12 14.54    - add LIBDIR to the `LD_RUN_PATH' environment variable
#12 14.54      during linking
#12 14.54    - use the `-Wl,--rpath -Wl,LIBDIR' linker flag
#12 14.54 
#12 14.54 See any operating system documentation about shared libraries for
#12 14.54 more information, such as the ld(1) and ld.so(8) manual pages.
#12 14.54 ----------------------------------------------------------------------
#12 14.54 
#12 14.54 Build complete.
#12 14.54 Don't forget to run 'make test'.
#12 14.54 
#12 14.54 + strip --strip-all modules/gd.so
#12 14.56 Installing shared extensions:     /usr/local/lib/php/extensions/no-debug-non-zts-20230831/
#12 14.58 Installing header files:          /usr/local/include/php/
#12 14.70 find . -name \*.gcno -o -name \*.gcda | xargs rm -f
#12 14.70 find . -name \*.lo -o -name \*.o -o -name \*.dep | xargs rm -f
#12 14.71 find . -name \*.la -o -name \*.a | xargs rm -f
#12 14.71 find . -name \*.so | xargs rm -f
#12 14.71 find . -name .libs -a -type d|xargs rm -rf
#12 14.71 rm -f libphp.la      modules/* libs/*
#12 14.71 rm -f ext/opcache/jit/zend_jit_x86.c
#12 14.71 rm -f ext/opcache/jit/zend_jit_arm64.c
#12 14.71 rm -f ext/opcache/minilua
#12 14.73 Configuring for:
#12 14.73 PHP Api Version:         20230831
#12 14.73 Zend Module Api No:      20230831
#12 14.73 Zend Extension Api No:   420230831
#12 15.06 checking for grep that handles long lines and -e... /bin/grep
#12 15.07 checking for egrep... /bin/grep -E
#12 15.07 checking for a sed that does not truncate output... /bin/sed
#12 15.08 checking for pkg-config... /usr/bin/pkg-config
#12 15.08 checking pkg-config is at least version 0.9.0... yes
#12 15.08 checking for cc... cc
#12 15.09 checking whether the C compiler works... yes
#12 15.10 checking for C compiler default output file name... a.out
#12 15.10 checking for suffix of executables... 
#12 15.12 checking whether we are cross compiling... no
#12 15.13 checking for suffix of object files... o
#12 15.15 checking whether the compiler supports GNU C... yes
#12 15.16 checking whether cc accepts -g... yes
#12 15.17 checking for cc option to enable C11 features... none needed
#12 15.20 checking how to run the C preprocessor... cc -E
#12 15.22 checking for egrep -e... (cached) /bin/grep -E
#12 15.22 checking for icc... no
#12 15.23 checking for suncc... no
#12 15.23 checking for system library directory... lib
#12 15.23 checking if compiler supports -Wl,-rpath,... yes
#12 15.25 checking build system type... aarch64-unknown-linux-musl
#12 15.25 checking host system type... aarch64-unknown-linux-musl
#12 15.25 checking target system type... aarch64-unknown-linux-musl
#12 15.27 checking for PHP prefix... /usr/local
#12 15.27 checking for PHP includes... -I/usr/local/include/php -I/usr/local/include/php/main -I/usr/local/include/php/TSRM -I/usr/local/include/php/Zend -I/usr/local/include/php/ext -I/usr/local/include/php/ext/date/lib
#12 15.27 checking for PHP extension directory... /usr/local/lib/php/extensions/no-debug-non-zts-20230831
#12 15.27 checking for PHP installed headers prefix... /usr/local/include/php
#12 15.27 checking if debug is enabled... no
#12 15.28 checking if zts is enabled... no
#12 15.29 checking for gawk... no
#12 15.29 checking for nawk... no
#12 15.29 checking for awk... awk
#12 15.29 checking if awk is broken... no
#12 15.29 checking whether to enable XML support... yes, shared
#12 15.29 checking whether to build with expat support... no
#12 15.29 checking for libxml-2.0 >= 2.9.0... yes
#12 15.29 checking for a sed that does not truncate output... /bin/sed
#12 15.29 checking for ld used by cc... /usr/aarch64-alpine-linux-musl/bin/ld
#12 15.30 checking if the linker (/usr/aarch64-alpine-linux-musl/bin/ld) is GNU ld... yes
#12 15.30 checking for /usr/aarch64-alpine-linux-musl/bin/ld option to reload object files... -r
#12 15.30 checking for BSD-compatible nm... /usr/bin/nm -B
#12 15.30 checking whether ln -s works... yes
#12 15.30 checking how to recognize dependent libraries... pass_all
#12 15.30 checking for stdio.h... yes
#12 15.31 checking for stdlib.h... yes
#12 15.32 checking for string.h... yes
#12 15.33 checking for inttypes.h... yes
#12 15.33 checking for stdint.h... yes
#12 15.34 checking for strings.h... yes
#12 15.35 checking for sys/stat.h... yes
#12 15.36 checking for sys/types.h... yes
#12 15.37 checking for unistd.h... yes
#12 15.38 checking for dlfcn.h... yes
#12 15.39 checking the maximum length of command line arguments... 98304
#12 15.39 checking command to parse /usr/bin/nm -B output from cc object... ok
#12 15.42 checking for objdir... .libs
#12 15.42 checking for ar... ar
#12 15.42 checking for ranlib... ranlib
#12 15.42 checking for strip... strip
#12 15.44 checking if cc supports -fno-rtti -fno-exceptions... no
#12 15.45 checking for cc option to produce PIC... -fPIC
#12 15.45 checking if cc PIC flag -fPIC works... yes
#12 15.46 checking if cc static flag -static works... yes
#12 15.48 checking if cc supports -c -o file.o... yes
#12 15.49 checking whether the cc linker (/usr/aarch64-alpine-linux-musl/bin/ld) supports shared libraries... yes
#12 15.49 checking whether -lc should be explicitly linked in... no
#12 15.50 checking dynamic linker characteristics... GNU/Linux ld.so
#12 15.51 checking how to hardcode library paths into programs... immediate
#12 15.51 checking whether stripping libraries is possible... yes
#12 15.51 checking if libtool supports shared libraries... yes
#12 15.51 checking whether to build shared libraries... yes
#12 15.51 checking whether to build static libraries... no
#12 15.54 
#12 15.54 creating libtool
#12 15.55 appending configuration tag "CXX" to libtool
#12 15.57 configure: patching config.h.in
#12 15.58 configure: creating ./config.status
#12 15.59 config.status: creating config.h
#12 15.60 /bin/sh /usr/src/php/ext/xml/libtool --tag=CC --mode=compile cc -I. -I/usr/src/php/ext/xml -I/usr/src/php/ext/xml/include -I/usr/src/php/ext/xml/main -I/usr/src/php/ext/xml -I/usr/local/include/php -I/usr/local/include/php/main -I/usr/local/include/php/TSRM -I/usr/local/include/php/Zend -I/usr/local/include/php/ext -I/usr/local/include/php/ext/date/lib -I/usr/include/libxml2  -fstack-protector-strong -fpic -fpie -O2 -D_LARGEFILE_SOURCE -D_FILE_OFFSET_BITS=64 -DHAVE_CONFIG_H  -fstack-protector-strong -fpic -fpie -O2 -D_LARGEFILE_SOURCE -D_FILE_OFFSET_BITS=64 -D_GNU_SOURCE   -DZEND_ENABLE_STATIC_TSRMLS_CACHE=1 -DZEND_COMPILE_DL_EXT=1 -c /usr/src/php/ext/xml/xml.c -o xml.lo  -MMD -MF xml.dep -MT xml.lo
#12 15.60 /bin/sh /usr/src/php/ext/xml/libtool --tag=CC --mode=compile cc -I. -I/usr/src/php/ext/xml -I/usr/src/php/ext/xml/include -I/usr/src/php/ext/xml/main -I/usr/src/php/ext/xml -I/usr/local/include/php -I/usr/local/include/php/main -I/usr/local/include/php/TSRM -I/usr/local/include/php/Zend -I/usr/local/include/php/ext -I/usr/local/include/php/ext/date/lib -I/usr/include/libxml2  -fstack-protector-strong -fpic -fpie -O2 -D_LARGEFILE_SOURCE -D_FILE_OFFSET_BITS=64 -DHAVE_CONFIG_H  -fstack-protector-strong -fpic -fpie -O2 -D_LARGEFILE_SOURCE -D_FILE_OFFSET_BITS=64 -D_GNU_SOURCE   -DZEND_ENABLE_STATIC_TSRMLS_CACHE=1 -DZEND_COMPILE_DL_EXT=1 -c /usr/src/php/ext/xml/compat.c -o compat.lo  -MMD -MF compat.dep -MT compat.lo
#12 15.62 mkdir .libs
#12 15.62 mkdir .libs
#12 15.62 mkdir: can't create directory '.libs': File exists
#12 15.62  cc -I. -I/usr/src/php/ext/xml -I/usr/src/php/ext/xml/include -I/usr/src/php/ext/xml/main -I/usr/src/php/ext/xml -I/usr/local/include/php -I/usr/local/include/php/main -I/usr/local/include/php/TSRM -I/usr/local/include/php/Zend -I/usr/local/include/php/ext -I/usr/local/include/php/ext/date/lib -I/usr/include/libxml2 -fstack-protector-strong -fpic -fpie -O2 -D_LARGEFILE_SOURCE -D_FILE_OFFSET_BITS=64 -DHAVE_CONFIG_H -fstack-protector-strong -fpic -fpie -O2 -D_LARGEFILE_SOURCE -D_FILE_OFFSET_BITS=64 -D_GNU_SOURCE -DZEND_ENABLE_STATIC_TSRMLS_CACHE=1 -DZEND_COMPILE_DL_EXT=1 -c /usr/src/php/ext/xml/xml.c -MMD -MF xml.dep -MT xml.lo  -fPIC -DPIC -o .libs/xml.o
#12 15.62  cc -I. -I/usr/src/php/ext/xml -I/usr/src/php/ext/xml/include -I/usr/src/php/ext/xml/main -I/usr/src/php/ext/xml -I/usr/local/include/php -I/usr/local/include/php/main -I/usr/local/include/php/TSRM -I/usr/local/include/php/Zend -I/usr/local/include/php/ext -I/usr/local/include/php/ext/date/lib -I/usr/include/libxml2 -fstack-protector-strong -fpic -fpie -O2 -D_LARGEFILE_SOURCE -D_FILE_OFFSET_BITS=64 -DHAVE_CONFIG_H -fstack-protector-strong -fpic -fpie -O2 -D_LARGEFILE_SOURCE -D_FILE_OFFSET_BITS=64 -D_GNU_SOURCE -DZEND_ENABLE_STATIC_TSRMLS_CACHE=1 -DZEND_COMPILE_DL_EXT=1 -c /usr/src/php/ext/xml/compat.c -MMD -MF compat.dep -MT compat.lo  -fPIC -DPIC -o .libs/compat.o
#12 16.13 /bin/sh /usr/src/php/ext/xml/libtool --tag=CC --mode=link cc -shared -I/usr/src/php/ext/xml/include -I/usr/src/php/ext/xml/main -I/usr/src/php/ext/xml -I/usr/local/include/php -I/usr/local/include/php/main -I/usr/local/include/php/TSRM -I/usr/local/include/php/Zend -I/usr/local/include/php/ext -I/usr/local/include/php/ext/date/lib -I/usr/include/libxml2  -fstack-protector-strong -fpic -fpie -O2 -D_LARGEFILE_SOURCE -D_FILE_OFFSET_BITS=64 -DHAVE_CONFIG_H  -fstack-protector-strong -fpic -fpie -O2 -D_LARGEFILE_SOURCE -D_FILE_OFFSET_BITS=64 -D_GNU_SOURCE  -Wl,-O1 -pie  -o xml.la -export-dynamic -avoid-version -prefer-pic -module -rpath /usr/src/php/ext/xml/modules  xml.lo compat.lo -lxml2
#12 16.15 cc -shared  .libs/xml.o .libs/compat.o  -lxml2  -Wl,-O1 -Wl,-soname -Wl,xml.so -o .libs/xml.so
#12 16.16 creating xml.la
#12 16.16 (cd .libs && rm -f xml.la && ln -s ../xml.la xml.la)
#12 16.16 /bin/sh /usr/src/php/ext/xml/libtool --tag=CC --mode=install cp ./xml.la /usr/src/php/ext/xml/modules
#12 16.17 cp ./.libs/xml.so /usr/src/php/ext/xml/modules/xml.so
#12 16.17 cp ./.libs/xml.lai /usr/src/php/ext/xml/modules/xml.la
#12 16.18 PATH="$PATH:/sbin" ldconfig -n /usr/src/php/ext/xml/modules
#12 16.18 ----------------------------------------------------------------------
#12 16.18 Libraries have been installed in:
#12 16.18    /usr/src/php/ext/xml/modules
#12 16.18 
#12 16.18 If you ever happen to want to link against installed libraries
#12 16.18 in a given directory, LIBDIR, you must either use libtool, and
#12 16.18 specify the full pathname of the library, or use the `-LLIBDIR'
#12 16.18 flag during linking and do at least one of the following:
#12 16.18    - add LIBDIR to the `LD_LIBRARY_PATH' environment variable
#12 16.18      during execution
#12 16.18    - add LIBDIR to the `LD_RUN_PATH' environment variable
#12 16.18      during linking
#12 16.18    - use the `-Wl,--rpath -Wl,LIBDIR' linker flag
#12 16.18 
#12 16.18 See any operating system documentation about shared libraries for
#12 16.18 more information, such as the ld(1) and ld.so(8) manual pages.
#12 16.18 ----------------------------------------------------------------------
#12 16.18 
#12 16.18 Build complete.
#12 16.18 Don't forget to run 'make test'.
#12 16.18 
#12 16.18 + strip --strip-all modules/xml.so
#12 16.20 Installing shared extensions:     /usr/local/lib/php/extensions/no-debug-non-zts-20230831/
#12 16.20 Installing header files:          /usr/local/include/php/
#12 16.25 
#12 16.25 warning: xml (xml) is already loaded!
#12 16.25 
#12 16.25 find . -name \*.gcno -o -name \*.gcda | xargs rm -f
#12 16.25 find . -name \*.lo -o -name \*.o -o -name \*.dep | xargs rm -f
#12 16.26 find . -name \*.la -o -name \*.a | xargs rm -f
#12 16.26 find . -name \*.so | xargs rm -f
#12 16.26 find . -name .libs -a -type d|xargs rm -rf
#12 16.26 rm -f libphp.la      modules/* libs/*
#12 16.26 rm -f ext/opcache/jit/zend_jit_x86.c
#12 16.26 rm -f ext/opcache/jit/zend_jit_arm64.c
#12 16.26 rm -f ext/opcache/minilua
#12 16.28 Configuring for:
#12 16.28 PHP Api Version:         20230831
#12 16.28 Zend Module Api No:      20230831
#12 16.28 Zend Extension Api No:   420230831
#12 16.60 checking for grep that handles long lines and -e... /bin/grep
#12 16.62 checking for egrep... /bin/grep -E
#12 16.62 checking for a sed that does not truncate output... /bin/sed
#12 16.62 checking for pkg-config... /usr/bin/pkg-config
#12 16.62 checking pkg-config is at least version 0.9.0... yes
#12 16.62 checking for cc... cc
#12 16.63 checking whether the C compiler works... yes
#12 16.65 checking for C compiler default output file name... a.out
#12 16.65 checking for suffix of executables... 
#12 16.66 checking whether we are cross compiling... no
#12 16.68 checking for suffix of object files... o
#12 16.69 checking whether the compiler supports GNU C... yes
#12 16.70 checking whether cc accepts -g... yes
#12 16.72 checking for cc option to enable C11 features... none needed
#12 16.75 checking how to run the C preprocessor... cc -E
#12 16.77 checking for egrep -e... (cached) /bin/grep -E
#12 16.77 checking for icc... no
#12 16.78 checking for suncc... no
#12 16.78 checking for system library directory... lib
#12 16.78 checking if compiler supports -Wl,-rpath,... yes
#12 16.80 checking build system type... aarch64-unknown-linux-musl
#12 16.80 checking host system type... aarch64-unknown-linux-musl
#12 16.80 checking target system type... aarch64-unknown-linux-musl
#12 16.82 checking for PHP prefix... /usr/local
#12 16.82 checking for PHP includes... -I/usr/local/include/php -I/usr/local/include/php/main -I/usr/local/include/php/TSRM -I/usr/local/include/php/Zend -I/usr/local/include/php/ext -I/usr/local/include/php/ext/date/lib
#12 16.82 checking for PHP extension directory... /usr/local/lib/php/extensions/no-debug-non-zts-20230831
#12 16.82 checking for PHP installed headers prefix... /usr/local/include/php
#12 16.82 checking if debug is enabled... no
#12 16.83 checking if zts is enabled... no
#12 16.84 checking for gawk... no
#12 16.84 checking for nawk... no
#12 16.84 checking for awk... awk
#12 16.84 checking if awk is broken... no
#12 16.84 checking whether to enable Zend OPcache support... yes, shared
#12 16.84 checking whether to enable copying PHP CODE pages into HUGE PAGES... yes
#12 16.84 checking whether to enable JIT... yes
#12 16.84 checking for mprotect... yes
#12 16.86 checking for memfd_create... yes
#12 16.87 checking for sysvipc shared memory support... yes
#12 16.90 checking for mmap() using MAP_ANON shared memory support... yes
#12 16.92 checking for shm_open in -lrt... yes
#12 16.95 checking for mmap() using shm_open() shared memory support... checking for shm_unlink in -lrt... yes
#12 17.00 yes
#12 17.00 checking whether C compiler accepts -Wno-implicit-fallthrough... yes
#12 17.02 checking for a sed that does not truncate output... /bin/sed
#12 17.02 checking for ld used by cc... /usr/aarch64-alpine-linux-musl/bin/ld
#12 17.02 checking if the linker (/usr/aarch64-alpine-linux-musl/bin/ld) is GNU ld... yes
#12 17.02 checking for /usr/aarch64-alpine-linux-musl/bin/ld option to reload object files... -r
#12 17.02 checking for BSD-compatible nm... /usr/bin/nm -B
#12 17.03 checking whether ln -s works... yes
#12 17.03 checking how to recognize dependent libraries... pass_all
#12 17.03 checking for stdio.h... yes
#12 17.03 checking for stdlib.h... yes
#12 17.04 checking for string.h... yes
#12 17.05 checking for inttypes.h... yes
#12 17.06 checking for stdint.h... yes
#12 17.07 checking for strings.h... yes
#12 17.08 checking for sys/stat.h... yes
#12 17.09 checking for sys/types.h... yes
#12 17.10 checking for unistd.h... yes
#12 17.11 checking for dlfcn.h... yes
#12 17.12 checking the maximum length of command line arguments... 98304
#12 17.12 checking command to parse /usr/bin/nm -B output from cc object... ok
#12 17.14 checking for objdir... .libs
#12 17.15 checking for ar... ar
#12 17.15 checking for ranlib... ranlib
#12 17.15 checking for strip... strip
#12 17.17 checking if cc supports -fno-rtti -fno-exceptions... no
#12 17.21 checking for cc option to produce PIC... -fPIC
#12 17.21 checking if cc PIC flag -fPIC works... yes
#12 17.22 checking if cc static flag -static works... yes
#12 17.24 checking if cc supports -c -o file.o... yes
#12 17.25 checking whether the cc linker (/usr/aarch64-alpine-linux-musl/bin/ld) supports shared libraries... yes
#12 17.26 checking whether -lc should be explicitly linked in... no
#12 17.27 checking dynamic linker characteristics... GNU/Linux ld.so
#12 17.27 checking how to hardcode library paths into programs... immediate
#12 17.27 checking whether stripping libraries is possible... yes
#12 17.27 checking if libtool supports shared libraries... yes
#12 17.27 checking whether to build shared libraries... yes
#12 17.27 checking whether to build static libraries... no
#12 17.30 
#12 17.30 creating libtool
#12 17.31 appending configuration tag "CXX" to libtool
#12 17.34 configure: patching config.h.in
#12 17.34 configure: creating ./config.status
#12 17.35 config.status: creating config.h
#12 17.37 /bin/sh /usr/src/php/ext/opcache/libtool --tag=CC --mode=compile cc -I. -I/usr/src/php/ext/opcache -I/usr/src/php/ext/opcache/include -I/usr/src/php/ext/opcache/main -I/usr/src/php/ext/opcache -I/usr/local/include/php -I/usr/local/include/php/main -I/usr/local/include/php/TSRM -I/usr/local/include/php/Zend -I/usr/local/include/php/ext -I/usr/local/include/php/ext/date/lib  -fstack-protector-strong -fpic -fpie -O2 -D_LARGEFILE_SOURCE -D_FILE_OFFSET_BITS=64 -DHAVE_CONFIG_H  -fstack-protector-strong -fpic -fpie -O2 -D_LARGEFILE_SOURCE -D_FILE_OFFSET_BITS=64 -D_GNU_SOURCE    -Wno-implicit-fallthrough -DZEND_ENABLE_STATIC_TSRMLS_CACHE=1 -DZEND_COMPILE_DL_EXT=1 -c /usr/src/php/ext/opcache/ZendAccelerator.c -o ZendAccelerator.lo  -MMD -MF ZendAccelerator.dep -MT ZendAccelerator.lo
#12 17.37 /bin/sh /usr/src/php/ext/opcache/libtool --tag=CC --mode=compile cc -I. -I/usr/src/php/ext/opcache -I/usr/src/php/ext/opcache/include -I/usr/src/php/ext/opcache/main -I/usr/src/php/ext/opcache -I/usr/local/include/php -I/usr/local/include/php/main -I/usr/local/include/php/TSRM -I/usr/local/include/php/Zend -I/usr/local/include/php/ext -I/usr/local/include/php/ext/date/lib  -fstack-protector-strong -fpic -fpie -O2 -D_LARGEFILE_SOURCE -D_FILE_OFFSET_BITS=64 -DHAVE_CONFIG_H  -fstack-protector-strong -fpic -fpie -O2 -D_LARGEFILE_SOURCE -D_FILE_OFFSET_BITS=64 -D_GNU_SOURCE    -Wno-implicit-fallthrough -DZEND_ENABLE_STATIC_TSRMLS_CACHE=1 -DZEND_COMPILE_DL_EXT=1 -c /usr/src/php/ext/opcache/zend_accelerator_blacklist.c -o zend_accelerator_blacklist.lo  -MMD -MF zend_accelerator_blacklist.dep -MT zend_accelerator_blacklist.lo
#12 17.37 /bin/sh /usr/src/php/ext/opcache/libtool --tag=CC --mode=compile cc -I. -I/usr/src/php/ext/opcache -I/usr/src/php/ext/opcache/include -I/usr/src/php/ext/opcache/main -I/usr/src/php/ext/opcache -I/usr/local/include/php -I/usr/local/include/php/main -I/usr/local/include/php/TSRM -I/usr/local/include/php/Zend -I/usr/local/include/php/ext -I/usr/local/include/php/ext/date/lib  -fstack-protector-strong -fpic -fpie -O2 -D_LARGEFILE_SOURCE -D_FILE_OFFSET_BITS=64 -DHAVE_CONFIG_H  -fstack-protector-strong -fpic -fpie -O2 -D_LARGEFILE_SOURCE -D_FILE_OFFSET_BITS=64 -D_GNU_SOURCE    -Wno-implicit-fallthrough -DZEND_ENABLE_STATIC_TSRMLS_CACHE=1 -DZEND_COMPILE_DL_EXT=1 -c /usr/src/php/ext/opcache/zend_accelerator_debug.c -o zend_accelerator_debug.lo  -MMD -MF zend_accelerator_debug.dep -MT zend_accelerator_debug.lo
#12 17.37 /bin/sh /usr/src/php/ext/opcache/libtool --tag=CC --mode=compile cc -I. -I/usr/src/php/ext/opcache -I/usr/src/php/ext/opcache/include -I/usr/src/php/ext/opcache/main -I/usr/src/php/ext/opcache -I/usr/local/include/php -I/usr/local/include/php/main -I/usr/local/include/php/TSRM -I/usr/local/include/php/Zend -I/usr/local/include/php/ext -I/usr/local/include/php/ext/date/lib  -fstack-protector-strong -fpic -fpie -O2 -D_LARGEFILE_SOURCE -D_FILE_OFFSET_BITS=64 -DHAVE_CONFIG_H  -fstack-protector-strong -fpic -fpie -O2 -D_LARGEFILE_SOURCE -D_FILE_OFFSET_BITS=64 -D_GNU_SOURCE    -Wno-implicit-fallthrough -DZEND_ENABLE_STATIC_TSRMLS_CACHE=1 -DZEND_COMPILE_DL_EXT=1 -c /usr/src/php/ext/opcache/zend_accelerator_hash.c -o zend_accelerator_hash.lo  -MMD -MF zend_accelerator_hash.dep -MT zend_accelerator_hash.lo
#12 17.37 /bin/sh /usr/src/php/ext/opcache/libtool --tag=CC --mode=compile cc -I. -I/usr/src/php/ext/opcache -I/usr/src/php/ext/opcache/include -I/usr/src/php/ext/opcache/main -I/usr/src/php/ext/opcache -I/usr/local/include/php -I/usr/local/include/php/main -I/usr/local/include/php/TSRM -I/usr/local/include/php/Zend -I/usr/local/include/php/ext -I/usr/local/include/php/ext/date/lib  -fstack-protector-strong -fpic -fpie -O2 -D_LARGEFILE_SOURCE -D_FILE_OFFSET_BITS=64 -DHAVE_CONFIG_H  -fstack-protector-strong -fpic -fpie -O2 -D_LARGEFILE_SOURCE -D_FILE_OFFSET_BITS=64 -D_GNU_SOURCE    -Wno-implicit-fallthrough -DZEND_ENABLE_STATIC_TSRMLS_CACHE=1 -DZEND_COMPILE_DL_EXT=1 -c /usr/src/php/ext/opcache/zend_accelerator_module.c -o zend_accelerator_module.lo  -MMD -MF zend_accelerator_module.dep -MT zend_accelerator_module.lo
#12 17.37 /bin/sh /usr/src/php/ext/opcache/libtool --tag=CC --mode=compile cc -I. -I/usr/src/php/ext/opcache -I/usr/src/php/ext/opcache/include -I/usr/src/php/ext/opcache/main -I/usr/src/php/ext/opcache -I/usr/local/include/php -I/usr/local/include/php/main -I/usr/local/include/php/TSRM -I/usr/local/include/php/Zend -I/usr/local/include/php/ext -I/usr/local/include/php/ext/date/lib  -fstack-protector-strong -fpic -fpie -O2 -D_LARGEFILE_SOURCE -D_FILE_OFFSET_BITS=64 -DHAVE_CONFIG_H  -fstack-protector-strong -fpic -fpie -O2 -D_LARGEFILE_SOURCE -D_FILE_OFFSET_BITS=64 -D_GNU_SOURCE    -Wno-implicit-fallthrough -DZEND_ENABLE_STATIC_TSRMLS_CACHE=1 -DZEND_COMPILE_DL_EXT=1 -c /usr/src/php/ext/opcache/zend_persist.c -o zend_persist.lo  -MMD -MF zend_persist.dep -MT zend_persist.lo
#12 17.37 /bin/sh /usr/src/php/ext/opcache/libtool --tag=CC --mode=compile cc -I. -I/usr/src/php/ext/opcache -I/usr/src/php/ext/opcache/include -I/usr/src/php/ext/opcache/main -I/usr/src/php/ext/opcache -I/usr/local/include/php -I/usr/local/include/php/main -I/usr/local/include/php/TSRM -I/usr/local/include/php/Zend -I/usr/local/include/php/ext -I/usr/local/include/php/ext/date/lib  -fstack-protector-strong -fpic -fpie -O2 -D_LARGEFILE_SOURCE -D_FILE_OFFSET_BITS=64 -DHAVE_CONFIG_H  -fstack-protector-strong -fpic -fpie -O2 -D_LARGEFILE_SOURCE -D_FILE_OFFSET_BITS=64 -D_GNU_SOURCE    -Wno-implicit-fallthrough -DZEND_ENABLE_STATIC_TSRMLS_CACHE=1 -DZEND_COMPILE_DL_EXT=1 -c /usr/src/php/ext/opcache/zend_persist_calc.c -o zend_persist_calc.lo  -MMD -MF zend_persist_calc.dep -MT zend_persist_calc.lo
#12 17.37 /bin/sh /usr/src/php/ext/opcache/libtool --tag=CC --mode=compile cc -I. -I/usr/src/php/ext/opcache -I/usr/src/php/ext/opcache/include -I/usr/src/php/ext/opcache/main -I/usr/src/php/ext/opcache -I/usr/local/include/php -I/usr/local/include/php/main -I/usr/local/include/php/TSRM -I/usr/local/include/php/Zend -I/usr/local/include/php/ext -I/usr/local/include/php/ext/date/lib  -fstack-protector-strong -fpic -fpie -O2 -D_LARGEFILE_SOURCE -D_FILE_OFFSET_BITS=64 -DHAVE_CONFIG_H  -fstack-protector-strong -fpic -fpie -O2 -D_LARGEFILE_SOURCE -D_FILE_OFFSET_BITS=64 -D_GNU_SOURCE    -Wno-implicit-fallthrough -DZEND_ENABLE_STATIC_TSRMLS_CACHE=1 -DZEND_COMPILE_DL_EXT=1 -c /usr/src/php/ext/opcache/zend_file_cache.c -o zend_file_cache.lo  -MMD -MF zend_file_cache.dep -MT zend_file_cache.lo
#12 17.37 /bin/sh /usr/src/php/ext/opcache/libtool --tag=CC --mode=compile cc -I. -I/usr/src/php/ext/opcache -I/usr/src/php/ext/opcache/include -I/usr/src/php/ext/opcache/main -I/usr/src/php/ext/opcache -I/usr/local/include/php -I/usr/local/include/php/main -I/usr/local/include/php/TSRM -I/usr/local/include/php/Zend -I/usr/local/include/php/ext -I/usr/local/include/php/ext/date/lib  -fstack-protector-strong -fpic -fpie -O2 -D_LARGEFILE_SOURCE -D_FILE_OFFSET_BITS=64 -DHAVE_CONFIG_H  -fstack-protector-strong -fpic -fpie -O2 -D_LARGEFILE_SOURCE -D_FILE_OFFSET_BITS=64 -D_GNU_SOURCE    -Wno-implicit-fallthrough -DZEND_ENABLE_STATIC_TSRMLS_CACHE=1 -DZEND_COMPILE_DL_EXT=1 -c /usr/src/php/ext/opcache/zend_shared_alloc.c -o zend_shared_alloc.lo  -MMD -MF zend_shared_alloc.dep -MT zend_shared_alloc.lo
#12 17.37 /bin/sh /usr/src/php/ext/opcache/libtool --tag=CC --mode=compile cc -I. -I/usr/src/php/ext/opcache -I/usr/src/php/ext/opcache/include -I/usr/src/php/ext/opcache/main -I/usr/src/php/ext/opcache -I/usr/local/include/php -I/usr/local/include/php/main -I/usr/local/include/php/TSRM -I/usr/local/include/php/Zend -I/usr/local/include/php/ext -I/usr/local/include/php/ext/date/lib  -fstack-protector-strong -fpic -fpie -O2 -D_LARGEFILE_SOURCE -D_FILE_OFFSET_BITS=64 -DHAVE_CONFIG_H  -fstack-protector-strong -fpic -fpie -O2 -D_LARGEFILE_SOURCE -D_FILE_OFFSET_BITS=64 -D_GNU_SOURCE    -Wno-implicit-fallthrough -DZEND_ENABLE_STATIC_TSRMLS_CACHE=1 -DZEND_COMPILE_DL_EXT=1 -c /usr/src/php/ext/opcache/zend_accelerator_util_funcs.c -o zend_accelerator_util_funcs.lo  -MMD -MF zend_accelerator_util_funcs.dep -MT zend_accelerator_util_funcs.lo
#12 17.37 /bin/sh /usr/src/php/ext/opcache/libtool --tag=CC --mode=compile cc -I. -I/usr/src/php/ext/opcache -I/usr/src/php/ext/opcache/include -I/usr/src/php/ext/opcache/main -I/usr/src/php/ext/opcache -I/usr/local/include/php -I/usr/local/include/php/main -I/usr/local/include/php/TSRM -I/usr/local/include/php/Zend -I/usr/local/include/php/ext -I/usr/local/include/php/ext/date/lib  -fstack-protector-strong -fpic -fpie -O2 -D_LARGEFILE_SOURCE -D_FILE_OFFSET_BITS=64 -DHAVE_CONFIG_H  -fstack-protector-strong -fpic -fpie -O2 -D_LARGEFILE_SOURCE -D_FILE_OFFSET_BITS=64 -D_GNU_SOURCE    -Wno-implicit-fallthrough -DZEND_ENABLE_STATIC_TSRMLS_CACHE=1 -DZEND_COMPILE_DL_EXT=1 -c /usr/src/php/ext/opcache/shared_alloc_shm.c -o shared_alloc_shm.lo  -MMD -MF shared_alloc_shm.dep -MT shared_alloc_shm.lo
#12 17.37 /bin/sh /usr/src/php/ext/opcache/libtool --tag=CC --mode=compile cc -I. -I/usr/src/php/ext/opcache -I/usr/src/php/ext/opcache/include -I/usr/src/php/ext/opcache/main -I/usr/src/php/ext/opcache -I/usr/local/include/php -I/usr/local/include/php/main -I/usr/local/include/php/TSRM -I/usr/local/include/php/Zend -I/usr/local/include/php/ext -I/usr/local/include/php/ext/date/lib  -fstack-protector-strong -fpic -fpie -O2 -D_LARGEFILE_SOURCE -D_FILE_OFFSET_BITS=64 -DHAVE_CONFIG_H  -fstack-protector-strong -fpic -fpie -O2 -D_LARGEFILE_SOURCE -D_FILE_OFFSET_BITS=64 -D_GNU_SOURCE    -Wno-implicit-fallthrough -DZEND_ENABLE_STATIC_TSRMLS_CACHE=1 -DZEND_COMPILE_DL_EXT=1 -c /usr/src/php/ext/opcache/shared_alloc_mmap.c -o shared_alloc_mmap.lo  -MMD -MF shared_alloc_mmap.dep -MT shared_alloc_mmap.lo
#12 17.41 mkdir .libs
#12 17.41 mkdir .libs
#12 17.42 mkdir: can't create directory '.libs': File exists
#12 17.42  cc -I. -I/usr/src/php/ext/opcache -I/usr/src/php/ext/opcache/include -I/usr/src/php/ext/opcache/main -I/usr/src/php/ext/opcache -I/usr/local/include/php -I/usr/local/include/php/main -I/usr/local/include/php/TSRM -I/usr/local/include/php/Zend -I/usr/local/include/php/ext -I/usr/local/include/php/ext/date/lib -fstack-protector-strong -fpic -fpie -O2 -D_LARGEFILE_SOURCE -D_FILE_OFFSET_BITS=64 -DHAVE_CONFIG_H -fstack-protector-strong -fpic -fpie -O2 -D_LARGEFILE_SOURCE -D_FILE_OFFSET_BITS=64 -D_GNU_SOURCE -Wno-implicit-fallthrough -DZEND_ENABLE_STATIC_TSRMLS_CACHE=1 -DZEND_COMPILE_DL_EXT=1 -c /usr/src/php/ext/opcache/ZendAccelerator.c -MMD -MF ZendAccelerator.dep -MT ZendAccelerator.lo  -fPIC -DPIC -o .libs/ZendAccelerator.o
#12 17.42  cc -I. -I/usr/src/php/ext/opcache -I/usr/src/php/ext/opcache/include -I/usr/src/php/ext/opcache/main -I/usr/src/php/ext/opcache -I/usr/local/include/php -I/usr/local/include/php/main -I/usr/local/include/php/TSRM -I/usr/local/include/php/Zend -I/usr/local/include/php/ext -I/usr/local/include/php/ext/date/lib -fstack-protector-strong -fpic -fpie -O2 -D_LARGEFILE_SOURCE -D_FILE_OFFSET_BITS=64 -DHAVE_CONFIG_H -fstack-protector-strong -fpic -fpie -O2 -D_LARGEFILE_SOURCE -D_FILE_OFFSET_BITS=64 -D_GNU_SOURCE -Wno-implicit-fallthrough -DZEND_ENABLE_STATIC_TSRMLS_CACHE=1 -DZEND_COMPILE_DL_EXT=1 -c /usr/src/php/ext/opcache/zend_accelerator_debug.c -MMD -MF zend_accelerator_debug.dep -MT zend_accelerator_debug.lo  -fPIC -DPIC -o .libs/zend_accelerator_debug.o
#12 17.42  cc -I. -I/usr/src/php/ext/opcache -I/usr/src/php/ext/opcache/include -I/usr/src/php/ext/opcache/main -I/usr/src/php/ext/opcache -I/usr/local/include/php -I/usr/local/include/php/main -I/usr/local/include/php/TSRM -I/usr/local/include/php/Zend -I/usr/local/include/php/ext -I/usr/local/include/php/ext/date/lib -fstack-protector-strong -fpic -fpie -O2 -D_LARGEFILE_SOURCE -D_FILE_OFFSET_BITS=64 -DHAVE_CONFIG_H -fstack-protector-strong -fpic -fpie -O2 -D_LARGEFILE_SOURCE -D_FILE_OFFSET_BITS=64 -D_GNU_SOURCE -Wno-implicit-fallthrough -DZEND_ENABLE_STATIC_TSRMLS_CACHE=1 -DZEND_COMPILE_DL_EXT=1 -c /usr/src/php/ext/opcache/zend_accelerator_module.c -MMD -MF zend_accelerator_module.dep -MT zend_accelerator_module.lo  -fPIC -DPIC -o .libs/zend_accelerator_module.o
#12 17.42  cc -I. -I/usr/src/php/ext/opcache -I/usr/src/php/ext/opcache/include -I/usr/src/php/ext/opcache/main -I/usr/src/php/ext/opcache -I/usr/local/include/php -I/usr/local/include/php/main -I/usr/local/include/php/TSRM -I/usr/local/include/php/Zend -I/usr/local/include/php/ext -I/usr/local/include/php/ext/date/lib -fstack-protector-strong -fpic -fpie -O2 -D_LARGEFILE_SOURCE -D_FILE_OFFSET_BITS=64 -DHAVE_CONFIG_H -fstack-protector-strong -fpic -fpie -O2 -D_LARGEFILE_SOURCE -D_FILE_OFFSET_BITS=64 -D_GNU_SOURCE -Wno-implicit-fallthrough -DZEND_ENABLE_STATIC_TSRMLS_CACHE=1 -DZEND_COMPILE_DL_EXT=1 -c /usr/src/php/ext/opcache/zend_persist.c -MMD -MF zend_persist.dep -MT zend_persist.lo  -fPIC -DPIC -o .libs/zend_persist.o
#12 17.42  cc -I. -I/usr/src/php/ext/opcache -I/usr/src/php/ext/opcache/include -I/usr/src/php/ext/opcache/main -I/usr/src/php/ext/opcache -I/usr/local/include/php -I/usr/local/include/php/main -I/usr/local/include/php/TSRM -I/usr/local/include/php/Zend -I/usr/local/include/php/ext -I/usr/local/include/php/ext/date/lib -fstack-protector-strong -fpic -fpie -O2 -D_LARGEFILE_SOURCE -D_FILE_OFFSET_BITS=64 -DHAVE_CONFIG_H -fstack-protector-strong -fpic -fpie -O2 -D_LARGEFILE_SOURCE -D_FILE_OFFSET_BITS=64 -D_GNU_SOURCE -Wno-implicit-fallthrough -DZEND_ENABLE_STATIC_TSRMLS_CACHE=1 -DZEND_COMPILE_DL_EXT=1 -c /usr/src/php/ext/opcache/zend_persist_calc.c -MMD -MF zend_persist_calc.dep -MT zend_persist_calc.lo  -fPIC -DPIC -o .libs/zend_persist_calc.o
#12 17.42  cc -I. -I/usr/src/php/ext/opcache -I/usr/src/php/ext/opcache/include -I/usr/src/php/ext/opcache/main -I/usr/src/php/ext/opcache -I/usr/local/include/php -I/usr/local/include/php/main -I/usr/local/include/php/TSRM -I/usr/local/include/php/Zend -I/usr/local/include/php/ext -I/usr/local/include/php/ext/date/lib -fstack-protector-strong -fpic -fpie -O2 -D_LARGEFILE_SOURCE -D_FILE_OFFSET_BITS=64 -DHAVE_CONFIG_H -fstack-protector-strong -fpic -fpie -O2 -D_LARGEFILE_SOURCE -D_FILE_OFFSET_BITS=64 -D_GNU_SOURCE -Wno-implicit-fallthrough -DZEND_ENABLE_STATIC_TSRMLS_CACHE=1 -DZEND_COMPILE_DL_EXT=1 -c /usr/src/php/ext/opcache/zend_accelerator_hash.c -MMD -MF zend_accelerator_hash.dep -MT zend_accelerator_hash.lo  -fPIC -DPIC -o .libs/zend_accelerator_hash.o
#12 17.42  cc -I. -I/usr/src/php/ext/opcache -I/usr/src/php/ext/opcache/include -I/usr/src/php/ext/opcache/main -I/usr/src/php/ext/opcache -I/usr/local/include/php -I/usr/local/include/php/main -I/usr/local/include/php/TSRM -I/usr/local/include/php/Zend -I/usr/local/include/php/ext -I/usr/local/include/php/ext/date/lib -fstack-protector-strong -fpic -fpie -O2 -D_LARGEFILE_SOURCE -D_FILE_OFFSET_BITS=64 -DHAVE_CONFIG_H -fstack-protector-strong -fpic -fpie -O2 -D_LARGEFILE_SOURCE -D_FILE_OFFSET_BITS=64 -D_GNU_SOURCE -Wno-implicit-fallthrough -DZEND_ENABLE_STATIC_TSRMLS_CACHE=1 -DZEND_COMPILE_DL_EXT=1 -c /usr/src/php/ext/opcache/zend_accelerator_blacklist.c -MMD -MF zend_accelerator_blacklist.dep -MT zend_accelerator_blacklist.lo  -fPIC -DPIC -o .libs/zend_accelerator_blacklist.o
#12 17.42  cc -I. -I/usr/src/php/ext/opcache -I/usr/src/php/ext/opcache/include -I/usr/src/php/ext/opcache/main -I/usr/src/php/ext/opcache -I/usr/local/include/php -I/usr/local/include/php/main -I/usr/local/include/php/TSRM -I/usr/local/include/php/Zend -I/usr/local/include/php/ext -I/usr/local/include/php/ext/date/lib -fstack-protector-strong -fpic -fpie -O2 -D_LARGEFILE_SOURCE -D_FILE_OFFSET_BITS=64 -DHAVE_CONFIG_H -fstack-protector-strong -fpic -fpie -O2 -D_LARGEFILE_SOURCE -D_FILE_OFFSET_BITS=64 -D_GNU_SOURCE -Wno-implicit-fallthrough -DZEND_ENABLE_STATIC_TSRMLS_CACHE=1 -DZEND_COMPILE_DL_EXT=1 -c /usr/src/php/ext/opcache/shared_alloc_shm.c -MMD -MF shared_alloc_shm.dep -MT shared_alloc_shm.lo  -fPIC -DPIC -o .libs/shared_alloc_shm.o
#12 17.42  cc -I. -I/usr/src/php/ext/opcache -I/usr/src/php/ext/opcache/include -I/usr/src/php/ext/opcache/main -I/usr/src/php/ext/opcache -I/usr/local/include/php -I/usr/local/include/php/main -I/usr/local/include/php/TSRM -I/usr/local/include/php/Zend -I/usr/local/include/php/ext -I/usr/local/include/php/ext/date/lib -fstack-protector-strong -fpic -fpie -O2 -D_LARGEFILE_SOURCE -D_FILE_OFFSET_BITS=64 -DHAVE_CONFIG_H -fstack-protector-strong -fpic -fpie -O2 -D_LARGEFILE_SOURCE -D_FILE_OFFSET_BITS=64 -D_GNU_SOURCE -Wno-implicit-fallthrough -DZEND_ENABLE_STATIC_TSRMLS_CACHE=1 -DZEND_COMPILE_DL_EXT=1 -c /usr/src/php/ext/opcache/zend_accelerator_util_funcs.c -MMD -MF zend_accelerator_util_funcs.dep -MT zend_accelerator_util_funcs.lo  -fPIC -DPIC -o .libs/zend_accelerator_util_funcs.o
#12 17.42  cc -I. -I/usr/src/php/ext/opcache -I/usr/src/php/ext/opcache/include -I/usr/src/php/ext/opcache/main -I/usr/src/php/ext/opcache -I/usr/local/include/php -I/usr/local/include/php/main -I/usr/local/include/php/TSRM -I/usr/local/include/php/Zend -I/usr/local/include/php/ext -I/usr/local/include/php/ext/date/lib -fstack-protector-strong -fpic -fpie -O2 -D_LARGEFILE_SOURCE -D_FILE_OFFSET_BITS=64 -DHAVE_CONFIG_H -fstack-protector-strong -fpic -fpie -O2 -D_LARGEFILE_SOURCE -D_FILE_OFFSET_BITS=64 -D_GNU_SOURCE -Wno-implicit-fallthrough -DZEND_ENABLE_STATIC_TSRMLS_CACHE=1 -DZEND_COMPILE_DL_EXT=1 -c /usr/src/php/ext/opcache/zend_file_cache.c -MMD -MF zend_file_cache.dep -MT zend_file_cache.lo  -fPIC -DPIC -o .libs/zend_file_cache.o
#12 17.42  cc -I. -I/usr/src/php/ext/opcache -I/usr/src/php/ext/opcache/include -I/usr/src/php/ext/opcache/main -I/usr/src/php/ext/opcache -I/usr/local/include/php -I/usr/local/include/php/main -I/usr/local/include/php/TSRM -I/usr/local/include/php/Zend -I/usr/local/include/php/ext -I/usr/local/include/php/ext/date/lib -fstack-protector-strong -fpic -fpie -O2 -D_LARGEFILE_SOURCE -D_FILE_OFFSET_BITS=64 -DHAVE_CONFIG_H -fstack-protector-strong -fpic -fpie -O2 -D_LARGEFILE_SOURCE -D_FILE_OFFSET_BITS=64 -D_GNU_SOURCE -Wno-implicit-fallthrough -DZEND_ENABLE_STATIC_TSRMLS_CACHE=1 -DZEND_COMPILE_DL_EXT=1 -c /usr/src/php/ext/opcache/shared_alloc_mmap.c -MMD -MF shared_alloc_mmap.dep -MT shared_alloc_mmap.lo  -fPIC -DPIC -o .libs/shared_alloc_mmap.o
#12 17.43  cc -I. -I/usr/src/php/ext/opcache -I/usr/src/php/ext/opcache/include -I/usr/src/php/ext/opcache/main -I/usr/src/php/ext/opcache -I/usr/local/include/php -I/usr/local/include/php/main -I/usr/local/include/php/TSRM -I/usr/local/include/php/Zend -I/usr/local/include/php/ext -I/usr/local/include/php/ext/date/lib -fstack-protector-strong -fpic -fpie -O2 -D_LARGEFILE_SOURCE -D_FILE_OFFSET_BITS=64 -DHAVE_CONFIG_H -fstack-protector-strong -fpic -fpie -O2 -D_LARGEFILE_SOURCE -D_FILE_OFFSET_BITS=64 -D_GNU_SOURCE -Wno-implicit-fallthrough -DZEND_ENABLE_STATIC_TSRMLS_CACHE=1 -DZEND_COMPILE_DL_EXT=1 -c /usr/src/php/ext/opcache/zend_shared_alloc.c -MMD -MF zend_shared_alloc.dep -MT zend_shared_alloc.lo  -fPIC -DPIC -o .libs/zend_shared_alloc.o
#12 17.70 /bin/sh /usr/src/php/ext/opcache/libtool --tag=CC --mode=compile cc -I. -I/usr/src/php/ext/opcache -I/usr/src/php/ext/opcache/include -I/usr/src/php/ext/opcache/main -I/usr/src/php/ext/opcache -I/usr/local/include/php -I/usr/local/include/php/main -I/usr/local/include/php/TSRM -I/usr/local/include/php/Zend -I/usr/local/include/php/ext -I/usr/local/include/php/ext/date/lib  -fstack-protector-strong -fpic -fpie -O2 -D_LARGEFILE_SOURCE -D_FILE_OFFSET_BITS=64 -DHAVE_CONFIG_H  -fstack-protector-strong -fpic -fpie -O2 -D_LARGEFILE_SOURCE -D_FILE_OFFSET_BITS=64 -D_GNU_SOURCE    -Wno-implicit-fallthrough -DZEND_ENABLE_STATIC_TSRMLS_CACHE=1 -DZEND_COMPILE_DL_EXT=1 -c /usr/src/php/ext/opcache/shared_alloc_posix.c -o shared_alloc_posix.lo  -MMD -MF shared_alloc_posix.dep -MT shared_alloc_posix.lo
#12 17.74 cc /usr/src/php/ext/opcache/jit/dynasm/minilua.c -lm -o minilua
#12 17.74 make: Circular jit/zend_jit.lo <- jit/zend_jit.lo dependency dropped.
#12 17.74 /bin/sh /usr/src/php/ext/opcache/libtool --tag=CC --mode=compile cc -I. -I/usr/src/php/ext/opcache -I/usr/src/php/ext/opcache/include -I/usr/src/php/ext/opcache/main -I/usr/src/php/ext/opcache -I/usr/local/include/php -I/usr/local/include/php/main -I/usr/local/include/php/TSRM -I/usr/local/include/php/Zend -I/usr/local/include/php/ext -I/usr/local/include/php/ext/date/lib  -fstack-protector-strong -fpic -fpie -O2 -D_LARGEFILE_SOURCE -D_FILE_OFFSET_BITS=64 -DHAVE_CONFIG_H  -fstack-protector-strong -fpic -fpie -O2 -D_LARGEFILE_SOURCE -D_FILE_OFFSET_BITS=64 -D_GNU_SOURCE    -Wno-implicit-fallthrough -DZEND_ENABLE_STATIC_TSRMLS_CACHE=1 -DZEND_COMPILE_DL_EXT=1 -c /usr/src/php/ext/opcache/jit/zend_jit_gdb.c -o jit/zend_jit_gdb.lo  -MMD -MF jit/zend_jit_gdb.dep -MT jit/zend_jit_gdb.lo
#12 17.74 /bin/sh /usr/src/php/ext/opcache/libtool --tag=CC --mode=compile cc -I. -I/usr/src/php/ext/opcache -I/usr/src/php/ext/opcache/include -I/usr/src/php/ext/opcache/main -I/usr/src/php/ext/opcache -I/usr/local/include/php -I/usr/local/include/php/main -I/usr/local/include/php/TSRM -I/usr/local/include/php/Zend -I/usr/local/include/php/ext -I/usr/local/include/php/ext/date/lib  -fstack-protector-strong -fpic -fpie -O2 -D_LARGEFILE_SOURCE -D_FILE_OFFSET_BITS=64 -DHAVE_CONFIG_H  -fstack-protector-strong -fpic -fpie -O2 -D_LARGEFILE_SOURCE -D_FILE_OFFSET_BITS=64 -D_GNU_SOURCE    -Wno-implicit-fallthrough -DZEND_ENABLE_STATIC_TSRMLS_CACHE=1 -DZEND_COMPILE_DL_EXT=1 -c /usr/src/php/ext/opcache/jit/zend_jit_vm_helpers.c -o jit/zend_jit_vm_helpers.lo  -MMD -MF jit/zend_jit_vm_helpers.dep -MT jit/zend_jit_vm_helpers.lo
#12 17.76  cc -I. -I/usr/src/php/ext/opcache -I/usr/src/php/ext/opcache/include -I/usr/src/php/ext/opcache/main -I/usr/src/php/ext/opcache -I/usr/local/include/php -I/usr/local/include/php/main -I/usr/local/include/php/TSRM -I/usr/local/include/php/Zend -I/usr/local/include/php/ext -I/usr/local/include/php/ext/date/lib -fstack-protector-strong -fpic -fpie -O2 -D_LARGEFILE_SOURCE -D_FILE_OFFSET_BITS=64 -DHAVE_CONFIG_H -fstack-protector-strong -fpic -fpie -O2 -D_LARGEFILE_SOURCE -D_FILE_OFFSET_BITS=64 -D_GNU_SOURCE -Wno-implicit-fallthrough -DZEND_ENABLE_STATIC_TSRMLS_CACHE=1 -DZEND_COMPILE_DL_EXT=1 -c /usr/src/php/ext/opcache/shared_alloc_posix.c -MMD -MF shared_alloc_posix.dep -MT shared_alloc_posix.lo  -fPIC -DPIC -o .libs/shared_alloc_posix.o
#12 17.78 mkdir jit/.libs
#12 17.78  cc -I. -I/usr/src/php/ext/opcache -I/usr/src/php/ext/opcache/include -I/usr/src/php/ext/opcache/main -I/usr/src/php/ext/opcache -I/usr/local/include/php -I/usr/local/include/php/main -I/usr/local/include/php/TSRM -I/usr/local/include/php/Zend -I/usr/local/include/php/ext -I/usr/local/include/php/ext/date/lib -fstack-protector-strong -fpic -fpie -O2 -D_LARGEFILE_SOURCE -D_FILE_OFFSET_BITS=64 -DHAVE_CONFIG_H -fstack-protector-strong -fpic -fpie -O2 -D_LARGEFILE_SOURCE -D_FILE_OFFSET_BITS=64 -D_GNU_SOURCE -Wno-implicit-fallthrough -DZEND_ENABLE_STATIC_TSRMLS_CACHE=1 -DZEND_COMPILE_DL_EXT=1 -c /usr/src/php/ext/opcache/jit/zend_jit_gdb.c -MMD -MF jit/zend_jit_gdb.dep -MT jit/zend_jit_gdb.lo  -fPIC -DPIC -o jit/.libs/zend_jit_gdb.o
#12 17.79  cc -I. -I/usr/src/php/ext/opcache -I/usr/src/php/ext/opcache/include -I/usr/src/php/ext/opcache/main -I/usr/src/php/ext/opcache -I/usr/local/include/php -I/usr/local/include/php/main -I/usr/local/include/php/TSRM -I/usr/local/include/php/Zend -I/usr/local/include/php/ext -I/usr/local/include/php/ext/date/lib -fstack-protector-strong -fpic -fpie -O2 -D_LARGEFILE_SOURCE -D_FILE_OFFSET_BITS=64 -DHAVE_CONFIG_H -fstack-protector-strong -fpic -fpie -O2 -D_LARGEFILE_SOURCE -D_FILE_OFFSET_BITS=64 -D_GNU_SOURCE -Wno-implicit-fallthrough -DZEND_ENABLE_STATIC_TSRMLS_CACHE=1 -DZEND_COMPILE_DL_EXT=1 -c /usr/src/php/ext/opcache/jit/zend_jit_vm_helpers.c -MMD -MF jit/zend_jit_vm_helpers.dep -MT jit/zend_jit_vm_helpers.lo  -fPIC -DPIC -o jit/.libs/zend_jit_vm_helpers.o
#12 18.17 ./minilua /usr/src/php/ext/opcache/jit/dynasm/dynasm.lua  -D ARM64=1 -o jit/zend_jit_arm64.c /usr/src/php/ext/opcache/jit/zend_jit_arm64.dasc
#12 20.10 /bin/sh /usr/src/php/ext/opcache/libtool --tag=CC --mode=compile cc -I. -I/usr/src/php/ext/opcache -I/usr/src/php/ext/opcache/include -I/usr/src/php/ext/opcache/main -I/usr/src/php/ext/opcache -I/usr/local/include/php -I/usr/local/include/php/main -I/usr/local/include/php/TSRM -I/usr/local/include/php/Zend -I/usr/local/include/php/ext -I/usr/local/include/php/ext/date/lib  -fstack-protector-strong -fpic -fpie -O2 -D_LARGEFILE_SOURCE -D_FILE_OFFSET_BITS=64 -DHAVE_CONFIG_H  -fstack-protector-strong -fpic -fpie -O2 -D_LARGEFILE_SOURCE -D_FILE_OFFSET_BITS=64 -D_GNU_SOURCE    -Wno-implicit-fallthrough -DZEND_ENABLE_STATIC_TSRMLS_CACHE=1 -DZEND_COMPILE_DL_EXT=1 -c /usr/src/php/ext/opcache/jit/zend_jit.c -o jit/zend_jit.lo  -MMD -MF jit/zend_jit.dep -MT jit/zend_jit.lo
#12 20.13  cc -I. -I/usr/src/php/ext/opcache -I/usr/src/php/ext/opcache/include -I/usr/src/php/ext/opcache/main -I/usr/src/php/ext/opcache -I/usr/local/include/php -I/usr/local/include/php/main -I/usr/local/include/php/TSRM -I/usr/local/include/php/Zend -I/usr/local/include/php/ext -I/usr/local/include/php/ext/date/lib -fstack-protector-strong -fpic -fpie -O2 -D_LARGEFILE_SOURCE -D_FILE_OFFSET_BITS=64 -DHAVE_CONFIG_H -fstack-protector-strong -fpic -fpie -O2 -D_LARGEFILE_SOURCE -D_FILE_OFFSET_BITS=64 -D_GNU_SOURCE -Wno-implicit-fallthrough -DZEND_ENABLE_STATIC_TSRMLS_CACHE=1 -DZEND_COMPILE_DL_EXT=1 -c /usr/src/php/ext/opcache/jit/zend_jit.c -MMD -MF jit/zend_jit.dep -MT jit/zend_jit.lo  -fPIC -DPIC -o jit/.libs/zend_jit.o
#12 46.01 /bin/sh /usr/src/php/ext/opcache/libtool --tag=CC --mode=link cc -shared -I/usr/src/php/ext/opcache/include -I/usr/src/php/ext/opcache/main -I/usr/src/php/ext/opcache -I/usr/local/include/php -I/usr/local/include/php/main -I/usr/local/include/php/TSRM -I/usr/local/include/php/Zend -I/usr/local/include/php/ext -I/usr/local/include/php/ext/date/lib  -fstack-protector-strong -fpic -fpie -O2 -D_LARGEFILE_SOURCE -D_FILE_OFFSET_BITS=64 -DHAVE_CONFIG_H  -fstack-protector-strong -fpic -fpie -O2 -D_LARGEFILE_SOURCE -D_FILE_OFFSET_BITS=64 -D_GNU_SOURCE  -Wl,-O1 -pie  -o opcache.la -export-dynamic -avoid-version -prefer-pic -module -rpath /usr/src/php/ext/opcache/modules  ZendAccelerator.lo zend_accelerator_blacklist.lo zend_accelerator_debug.lo zend_accelerator_hash.lo zend_accelerator_module.lo zend_persist.lo zend_persist_calc.lo zend_file_cache.lo zend_shared_alloc.lo zend_accelerator_util_funcs.lo shared_alloc_shm.lo shared_alloc_mmap.lo shared_alloc_posix.lo jit/zend_jit.lo jit/zend_jit_gdb.lo jit/zend_jit_vm_helpers.lo -lrt
#12 46.05 cc -shared  .libs/ZendAccelerator.o .libs/zend_accelerator_blacklist.o .libs/zend_accelerator_debug.o .libs/zend_accelerator_hash.o .libs/zend_accelerator_module.o .libs/zend_persist.o .libs/zend_persist_calc.o .libs/zend_file_cache.o .libs/zend_shared_alloc.o .libs/zend_accelerator_util_funcs.o .libs/shared_alloc_shm.o .libs/shared_alloc_mmap.o .libs/shared_alloc_posix.o jit/.libs/zend_jit.o jit/.libs/zend_jit_gdb.o jit/.libs/zend_jit_vm_helpers.o  -lrt  -Wl,-O1 -Wl,-soname -Wl,opcache.so -o .libs/opcache.so
#12 46.06 creating opcache.la
#12 46.06 (cd .libs && rm -f opcache.la && ln -s ../opcache.la opcache.la)
#12 46.06 /bin/sh /usr/src/php/ext/opcache/libtool --tag=CC --mode=install cp ./opcache.la /usr/src/php/ext/opcache/modules
#12 46.07 cp ./.libs/opcache.so /usr/src/php/ext/opcache/modules/opcache.so
#12 46.07 cp ./.libs/opcache.lai /usr/src/php/ext/opcache/modules/opcache.la
#12 46.08 PATH="$PATH:/sbin" ldconfig -n /usr/src/php/ext/opcache/modules
#12 46.08 ----------------------------------------------------------------------
#12 46.08 Libraries have been installed in:
#12 46.08    /usr/src/php/ext/opcache/modules
#12 46.08 
#12 46.08 If you ever happen to want to link against installed libraries
#12 46.08 in a given directory, LIBDIR, you must either use libtool, and
#12 46.08 specify the full pathname of the library, or use the `-LLIBDIR'
#12 46.08 flag during linking and do at least one of the following:
#12 46.08    - add LIBDIR to the `LD_LIBRARY_PATH' environment variable
#12 46.08      during execution
#12 46.08    - add LIBDIR to the `LD_RUN_PATH' environment variable
#12 46.08      during linking
#12 46.08    - use the `-Wl,--rpath -Wl,LIBDIR' linker flag
#12 46.08 
#12 46.08 See any operating system documentation about shared libraries for
#12 46.08 more information, such as the ld(1) and ld.so(8) manual pages.
#12 46.08 ----------------------------------------------------------------------
#12 46.08 
#12 46.08 Build complete.
#12 46.08 Don't forget to run 'make test'.
#12 46.08 
#12 46.09 + strip --strip-all modules/opcache.so
#12 46.10 make: Circular jit/zend_jit.lo <- jit/zend_jit.lo dependency dropped.
#12 46.11 Installing shared extensions:     /usr/local/lib/php/extensions/no-debug-non-zts-20230831/
#12 46.14 find . -name \*.gcno -o -name \*.gcda | xargs rm -f
#12 46.15 find . -name \*.lo -o -name \*.o -o -name \*.dep | xargs rm -f
#12 46.15 find . -name \*.la -o -name \*.a | xargs rm -f
#12 46.15 find . -name \*.so | xargs rm -f
#12 46.15 find . -name .libs -a -type d|xargs rm -rf
#12 46.16 rm -f libphp.la      modules/* libs/*
#12 46.16 rm -f ext/opcache/jit/zend_jit_x86.c
#12 46.16 rm -f ext/opcache/jit/zend_jit_arm64.c
#12 46.16 rm -f ext/opcache/minilua
#12 46.17 WARNING: opening from cache https://dl-cdn.alpinelinux.org/alpine/v3.23/main/aarch64/APKINDEX.tar.gz: No such file or directory
#12 46.17 WARNING: opening from cache https://dl-cdn.alpinelinux.org/alpine/v3.23/community/aarch64/APKINDEX.tar.gz: No such file or directory
#12 46.17 ( 1/26) Purging .phpize-deps-configure (20260529.075552)
#12 46.17 ( 2/26) Purging autoconf (2.72-r1)
#12 46.18 ( 3/26) Purging m4 (1.4.20-r0)
#12 46.18 ( 4/26) Purging dpkg-dev (1.22.21-r0)
#12 46.20 ( 5/26) Purging dpkg (1.22.21-r0)
#12 46.20 ( 6/26) Purging file (5.46-r2)
#12 46.20 ( 7/26) Purging g++ (15.2.0-r2)
#12 46.21 ( 8/26) Purging libstdc++-dev (15.2.0-r2)
#12 46.24 ( 9/26) Purging gcc (15.2.0-r2)
#12 46.26 (10/26) Purging binutils (2.45.1-r0)
#12 46.27 (11/26) Purging libatomic (15.2.0-r2)
#12 46.27 (12/26) Purging libgomp (15.2.0-r2)
#12 46.27 (13/26) Purging make (4.4.1-r3)
#12 46.27 (14/26) Purging re2c (4.3.1-r0)
#12 46.27 (15/26) Purging git-perl (2.52.0-r0)
#12 46.28 (16/26) Purging perl-git (2.52.0-r0)
#12 46.28 (17/26) Purging perl-error (0.17030-r0)
#12 46.28 (18/26) Purging isl26 (0.26-r1)
#12 46.28 (19/26) Purging jansson (2.14.1-r0)
#12 46.28 (20/26) Purging libmagic (5.46-r2)
#12 46.28 (21/26) Purging mariadb-client-perl (11.4.11-r0)
#12 46.28 (22/26) Purging perl (5.42.2-r0)
#12 46.47 (23/26) Purging mpc1 (1.3.1-r1)
#12 46.47 (24/26) Purging mpfr4 (4.2.2-r0)
#12 46.47 (25/26) Purging musl-dev (1.2.5-r23)
#12 46.48 (26/26) Purging gmp (6.3.0-r4)
#12 46.48 Executing busybox-1.37.0-r30.trigger
#12 46.49 OK: 196.2 MiB in 99 packages
#12 DONE 47.1s

#13 [stage-0  5/12] COPY --from=composer:latest /usr/bin/composer /usr/bin/composer
#13 DONE 0.0s

#14 [stage-0  6/12] WORKDIR /var/www/html
#14 DONE 0.0s

#15 [stage-0  7/12] COPY . .
#15 DONE 0.7s

#16 [stage-0  8/12] COPY docker/nginx.conf /etc/nginx/nginx.conf
#16 DONE 0.0s

#17 [stage-0  9/12] COPY docker/supervisord.conf /etc/supervisor/conf.d/supervisord.conf
#17 DONE 0.0s

#18 [stage-0 10/12] COPY docker/entrypoint.sh /usr/local/bin/entrypoint.sh
#18 DONE 0.0s

#19 [stage-0 11/12] RUN composer install --no-interaction --optimize-autoloader --no-dev     && npm install && npm run build || true
#19 0.165 Installing dependencies from lock file
#19 0.166 Verifying lock file contents can be installed on current platform.
#19 4.558 Your lock file does not contain a compatible set of packages. Please run composer update.
#19 4.558 
#19 4.558   Problem 1
#19 4.558     - phpoffice/phpspreadsheet is locked to version 5.7.0 and an update of this package was not requested.
#19 4.558     - phpoffice/phpspreadsheet 5.7.0 requires ext-zip * -> it is missing from your system. Install or enable PHP's zip extension.
#19 4.558 
#19 4.558 To enable extensions, verify that they are enabled in your .ini files:
#19 4.558     - /usr/local/etc/php/conf.d/docker-fpm.ini
#19 4.558     - /usr/local/etc/php/conf.d/docker-php-ext-bcmath.ini
#19 4.558     - /usr/local/etc/php/conf.d/docker-php-ext-exif.ini
#19 4.558     - /usr/local/etc/php/conf.d/docker-php-ext-gd.ini
#19 4.558     - /usr/local/etc/php/conf.d/docker-php-ext-opcache.ini
#19 4.558     - /usr/local/etc/php/conf.d/docker-php-ext-pcntl.ini
#19 4.558     - /usr/local/etc/php/conf.d/docker-php-ext-pdo_mysql.ini
#19 4.558     - /usr/local/etc/php/conf.d/docker-php-ext-sodium.ini
#19 4.558 You can also run `php --ini` in a terminal to see which files are used by PHP in CLI mode.
#19 4.558 Alternatively, you can run Composer with `--ignore-platform-req=ext-zip` to temporarily ignore these required extensions.
#19 DONE 4.6s

#20 [stage-0 12/12] RUN chown -R www-data:www-data /var/www/html     && chmod -R 755 /var/www/html/storage /var/www/html/bootstrap/cache     && chmod +x /usr/local/bin/entrypoint.sh
#20 DONE 7.5s

#21 exporting to image
#21 exporting layers
#21 exporting layers 3.0s done
#21 writing image sha256:5f0e3ea9b166b911544957ef48dda1c9c48bacc1aba5f3b5c336a89b1f61d379
#21 writing image sha256:5f0e3ea9b166b911544957ef48dda1c9c48bacc1aba5f3b5c336a89b1f61d379 done
#21 naming to docker.io/mudhihirdocker/smart-inventory:latest done
#21 DONE 3.0s

View build details: docker-desktop://dashboard/build/desktop-linux/desktop-linux/r8ryvgv54ttyuyyugrvawrror
